Year,Week,Ranking,TV,movie_zh_name,category,director,imdb_score
2020,33,1,It's Okay to Not Be Okay,雖然是精神病但沒關係,"浪漫, 喜劇",Park Shin-woo,8.6
2020,33,1,It's Okay to Not Be Okay,雖然是精神病但沒關係,"浪漫, 喜劇",Jo Yong,8.6
2020,33,10,Mystic Pop-up Bar,雙甲路邊攤,"網路漫改, 奇幻",Bae Hye-Soo,8
2020,33,3,Was It Love?,我們，愛過嗎？,"浪漫, 喜劇",Park Jun Seo,7.1
2020,33,4,Hospital Playlist,機智醫生生活,醫療,Lee Woo-jung,8.8
2020,33,4,Hospital Playlist,機智醫生生活,醫療,Shin Won-ho,8.8
2020,33,7,Crash Landing on You,愛的迫降,"浪漫, 喜劇",Park Ji-eun,8.7
2020,34,1,It's Okay to Not Be Okay,雖然是精神病但沒關係,"浪漫, 喜劇",Park Shin-woo,8.6
2020,34,1,It's Okay to Not Be Okay,雖然是精神病但沒關係,"浪漫, 喜劇",Jo Yong,8.6
2020,34,2,Was It Love?,我們，愛過嗎？,"浪漫, 喜劇",Park Jun Seo,7.1
2020,34,3,Bimilui Soop,秘密森林,"犯罪, 驚悚",Lee Soo-yeon,8.5
2020,34,6,Hospital Playlist,機智醫生生活,醫療,Lee Woo-jung,8.8
2020,34,6,Hospital Playlist,機智醫生生活,醫療,Shin Won-ho,8.8
2020,34,7,Goedam,韓國都市怪談,恐怖,NA,5.7
2020,34,8,Crash Landing on You,愛的迫降,"浪漫, 喜劇",Park Ji-eun,8.7
2020,35,1,It's Okay to Not Be Okay,雖然是精神病但沒關係,"浪漫, 喜劇",Park Shin-woo,8.6
2020,35,1,It's Okay to Not Be Okay,雖然是精神病但沒關係,"浪漫, 喜劇",Jo Yong,8.6
2020,35,10,Crash Landing on You,愛的迫降,"浪漫, 喜劇",Park Ji-eun,8.7
2020,35,2,Goedam,韓國都市怪談,恐怖,NA,5.7
2020,35,3,Was It Love?,我們，愛過嗎？,"浪漫, 喜劇",Park Jun Seo,7.1
2020,35,6,Bimilui Soop,秘密森林,"犯罪, 驚悚",Lee Soo-yeon,8.5
2020,35,9,Hospital Playlist,機智醫生生活,醫療,Lee Woo-jung,8.8
2020,35,9,Hospital Playlist,機智醫生生活,醫療,Shin Won-ho,8.8
2020,36,1,It's Okay to Not Be Okay,雖然是精神病但沒關係,"浪漫, 喜劇",Park Shin-woo,8.6
2020,36,1,It's Okay to Not Be Okay,雖然是精神病但沒關係,"浪漫, 喜劇",Jo Yong,8.6
2020,36,10,Hospital Playlist,機智醫生生活,醫療,Lee Woo-jung,8.8
2020,36,10,Hospital Playlist,機智醫生生活,醫療,Shin Won-ho,8.8
2020,36,2,Was It Love?,我們，愛過嗎？,"浪漫, 喜劇",Park Jun Seo,7.1
2020,36,3,Bimilui Soop,秘密森林,"犯罪, 驚悚",Lee Soo-yeon,8.5
2020,36,9,Goedam,韓國都市怪談,恐怖,NA,5.7
2020,37,1,It's Okay to Not Be Okay,雖然是精神病但沒關係,"浪漫, 喜劇",Park Shin-woo,8.6
2020,37,1,It's Okay to Not Be Okay,雖然是精神病但沒關係,"浪漫, 喜劇",Jo Yong,8.6
2020,37,10,Hospital Playlist,機智醫生生活,醫療,Lee Woo-jung,8.8
2020,37,10,Hospital Playlist,機智醫生生活,醫療,Shin Won-ho,8.8
2020,37,2,Bimilui Soop,秘密森林,"犯罪, 驚悚",Lee Soo-yeon,8.5
2020,37,3,Was It Love?,我們，愛過嗎？,"浪漫, 喜劇",Park Jun Seo,7.1
2020,37,4,Record of Youth,青春紀錄,浪漫,Ha Myung-hee,7.3
2020,37,4,Record of Youth,青春紀錄,浪漫,Ahn Gil-ho,7.3
2020,38,1,Record of Youth,青春紀錄,浪漫,Ha Myung-hee,7.3
2020,38,1,Record of Youth,青春紀錄,浪漫,Ahn Gil-ho,7.3
2020,38,10,Crash Landing on You,愛的迫降,"浪漫, 喜劇",Park Ji-eun,8.7
2020,38,2,It's Okay to Not Be Okay,雖然是精神病但沒關係,"浪漫, 喜劇",Park Shin-woo,8.6
2020,38,2,It's Okay to Not Be Okay,雖然是精神病但沒關係,"浪漫, 喜劇",Jo Yong,8.6
2020,38,3,Bimilui Soop,秘密森林,"犯罪, 驚悚",Lee Soo-yeon,8.5
2020,38,4,Was It Love?,我們，愛過嗎？,"浪漫, 喜劇",Park Jun Seo,7.1
2020,39,1,Record of Youth,青春紀錄,浪漫,Ha Myung-hee,7.3
2020,39,1,Record of Youth,青春紀錄,浪漫,Ahn Gil-ho,7.3
2020,39,10,The School Nurse Files,非常校護檔案,"奇幻, 書籍改編",Lee Kyoung-mi,6.4
2020,39,10,The School Nurse Files,非常校護檔案,"奇幻, 書籍改編",Chung Se-rang,6.4
2020,39,2,Bimilui Soop,秘密森林,"犯罪, 驚悚",Lee Soo-yeon,8.5
2020,39,3,It's Okay to Not Be Okay,雖然是精神病但沒關係,"浪漫, 喜劇",Park Shin-woo,8.6
2020,39,3,It's Okay to Not Be Okay,雖然是精神病但沒關係,"浪漫, 喜劇",Jo Yong,8.6
2020,39,8,Was It Love?,我們，愛過嗎？,"浪漫, 喜劇",Park Jun Seo,7.1
2020,40,10,SKY Castle,天空之城,喜劇,Jo Hyun-tak,8.6
2020,40,10,SKY Castle,天空之城,喜劇,Yoo Hyun-mi,8.6
2020,40,2,Record of Youth,青春紀錄,浪漫,Ha Myung-hee,7.3
2020,40,2,Record of Youth,青春紀錄,浪漫,Ahn Gil-ho,7.3
2020,40,3,Bimilui Soop,秘密森林,"犯罪, 驚悚",Lee Soo-yeon,8.5
2020,40,4,It's Okay to Not Be Okay,雖然是精神病但沒關係,"浪漫, 喜劇",Park Shin-woo,8.6
2020,40,4,It's Okay to Not Be Okay,雖然是精神病但沒關係,"浪漫, 喜劇",Jo Yong,8.6
2020,40,5,The School Nurse Files,非常校護檔案,"奇幻, 書籍改編",Lee Kyoung-mi,6.4
2020,40,5,The School Nurse Files,非常校護檔案,"奇幻, 書籍改編",Chung Se-rang,6.4
2020,41,10,Do Do Sol Sol La La Sol,Do Do Sol Sol La La Sol,"浪漫, 喜劇",NA,7.3
2020,41,3,Record of Youth,青春紀錄,浪漫,Ha Myung-hee,7.3
2020,41,3,Record of Youth,青春紀錄,浪漫,Ahn Gil-ho,7.3
2020,41,4,Bimilui Soop,秘密森林,"犯罪, 驚悚",Lee Soo-yeon,8.5
2020,41,5,It's Okay to Not Be Okay,雖然是精神病但沒關係,"浪漫, 喜劇",Park Shin-woo,8.6
2020,41,5,It's Okay to Not Be Okay,雖然是精神病但沒關係,"浪漫, 喜劇",Jo Yong,8.6
2020,41,8,SKY Castle,天空之城,喜劇,Jo Hyun-tak,8.6
2020,41,8,SKY Castle,天空之城,喜劇,Yoo Hyun-mi,8.6
2020,41,9,Private Lives,私生活,驚悚,NA,6.5
2020,42,2,Record of Youth,青春紀錄,浪漫,Ha Myung-hee,7.3
2020,42,2,Record of Youth,青春紀錄,浪漫,Ahn Gil-ho,7.3
2020,42,5,Private Lives,私生活,驚悚,NA,6.5
2020,42,6,Bimilui Soop,秘密森林,"犯罪, 驚悚",Lee Soo-yeon,8.5
2020,42,8,It's Okay to Not Be Okay,雖然是精神病但沒關係,"浪漫, 喜劇",Park Shin-woo,8.6
2020,42,8,It's Okay to Not Be Okay,雖然是精神病但沒關係,"浪漫, 喜劇",Jo Yong,8.6
2020,43,10,It's Okay to Not Be Okay,雖然是精神病但沒關係,"浪漫, 喜劇",Park Shin-woo,8.6
2020,43,10,It's Okay to Not Be Okay,雖然是精神病但沒關係,"浪漫, 喜劇",Jo Yong,8.6
2020,43,3,Record of Youth,青春紀錄,浪漫,Ha Myung-hee,7.3
2020,43,3,Record of Youth,青春紀錄,浪漫,Ahn Gil-ho,7.3
2020,43,5,Start-Up,START-UP：我的新創時代,"浪漫, 喜劇",Park Hye-ryun,8.1
2020,43,9,Private Lives,私生活,驚悚,NA,6.5
2020,44,3,Record of Youth,青春紀錄,浪漫,Ha Myung-hee,7.3
2020,44,3,Record of Youth,青春紀錄,浪漫,Ahn Gil-ho,7.3
2020,44,7,Start-Up,START-UP：我的新創時代,"浪漫, 喜劇",Park Hye-ryun,8.1
2020,44,9,Private Lives,私生活,驚悚,NA,6.5
2020,45,5,Start-Up,START-UP：我的新創時代,"浪漫, 喜劇",Park Hye-ryun,8.1
2020,45,6,Record of Youth,青春紀錄,浪漫,Ha Myung-hee,7.3
2020,45,6,Record of Youth,青春紀錄,浪漫,Ahn Gil-ho,7.3
2020,45,9,Private Lives,私生活,驚悚,NA,6.5
2020,46,4,Start-Up,START-UP：我的新創時代,"浪漫, 喜劇",Park Hye-ryun,8.1
2020,46,8,Private Lives,私生活,驚悚,NA,6.5
2020,46,9,Record of Youth,青春紀錄,浪漫,Ha Myung-hee,7.3
2020,46,9,Record of Youth,青春紀錄,浪漫,Ahn Gil-ho,7.3
2020,47,3,Start-Up,START-UP：我的新創時代,"浪漫, 喜劇",Park Hye-ryun,8.1
2020,47,7,Private Lives,私生活,驚悚,NA,6.5
2020,48,10,Do Do Sol Sol La La Sol,Do Do Sol Sol La La Sol,"浪漫, 喜劇",NA,7.3
2020,48,2,Start-Up,START-UP：我的新創時代,"浪漫, 喜劇",Park Hye-ryun,8.1
2020,48,7,Private Lives,私生活,驚悚,NA,6.5
2020,49,1,Start-Up,START-UP：我的新創時代,"浪漫, 喜劇",Park Hye-ryun,8.1
2020,49,7,The Uncanny Counter,驅魔麵館,"網路漫改, 奇幻, 驚悚",NA,8.1
2020,49,8,Private Lives,私生活,驚悚,NA,6.5
2020,50,1,Start-Up,START-UP：我的新創時代,"浪漫, 喜劇",Park Hye-ryun,8.1
2020,50,4,The Uncanny Counter,驅魔麵館,"網路漫改, 奇幻, 驚悚",NA,8.1
2020,51,2,The Uncanny Counter,驅魔麵館,"網路漫改, 奇幻, 驚悚",NA,8.1
2020,51,3,Start-Up,START-UP：我的新創時代,"浪漫, 喜劇",Park Hye-ryun,8.1
2020,51,8,Sweet Home,甜蜜家園,"網路漫改, 恐怖",NA,7.3
2020,52,1,Sweet Home,甜蜜家園,"網路漫改, 恐怖",NA,7.3
2020,52,10,Lovestruck in the City,愛在大都會,"浪漫, 喜劇",Jung Hyun-jung,7.6
2020,52,2,The Uncanny Counter,驅魔麵館,"網路漫改, 奇幻, 驚悚",NA,8.1
2020,52,4,Start-Up,START-UP：我的新創時代,"浪漫, 喜劇",Park Hye-ryun,8.1
2020,53,1,Sweet Home,甜蜜家園,"網路漫改, 恐怖",NA,7.3
2020,53,3,The Uncanny Counter,驅魔麵館,"網路漫改, 奇幻, 驚悚",NA,8.1
2020,53,5,Start-Up,START-UP：我的新創時代,"浪漫, 喜劇",Park Hye-ryun,8.1
2021,1,1,The Uncanny Counter,驅魔麵館,"網路漫改, 奇幻, 驚悚",NA,8.1
2021,1,10,Run On,奔向愛情,"浪漫, 喜劇",NA,7.5
2021,1,2,Sweet Home,甜蜜家園,"網路漫改, 恐怖",NA,7.3
2021,1,4,Crash Landing on You,愛的迫降,"浪漫, 喜劇",Park Ji-eun,8.7
2021,2,1,The Uncanny Counter,驅魔麵館,"網路漫改, 奇幻, 驚悚",NA,8.1
2021,2,3,Sweet Home,甜蜜家園,"網路漫改, 恐怖",NA,7.3
2021,2,5,Crash Landing on You,愛的迫降,"浪漫, 喜劇",Park Ji-eun,8.7
2021,2,9,Run On,奔向愛情,"浪漫, 喜劇",NA,7.5
2021,3,1,The Uncanny Counter,驅魔麵館,"網路漫改, 奇幻, 驚悚",NA,8.1
2021,3,4,Sweet Home,甜蜜家園,"網路漫改, 恐怖",NA,7.3
2021,3,6,Run On,奔向愛情,"浪漫, 喜劇",NA,7.5
2021,3,8,Crash Landing on You,愛的迫降,"浪漫, 喜劇",Park Ji-eun,8.7
2021,4,1,The Uncanny Counter,驅魔麵館,"網路漫改, 奇幻, 驚悚",NA,8.1
2021,4,7,Run On,奔向愛情,"浪漫, 喜劇",NA,7.5
2021,5,1,The Uncanny Counter,驅魔麵館,"網路漫改, 奇幻, 驚悚",NA,8.1
2021,5,4,Run On,奔向愛情,"浪漫, 喜劇",NA,7.5
2021,6,1,The Uncanny Counter,驅魔麵館,"網路漫改, 奇幻, 驚悚",NA,8.1
2021,6,4,Run On,奔向愛情,"浪漫, 喜劇",NA,7.5
2021,6,8,Kingdom,屍戰朝鮮,"網路漫改, 政治, 時代經典, 驚悚, 恐怖, 冒險動作",Kim Eun-hee,8.3
2021,6,9,Lovestruck in the City,愛在大都會,"浪漫, 喜劇",Jung Hyun-jung,7.6
2021,7,1,The Uncanny Counter,驅魔麵館,"網路漫改, 奇幻, 驚悚",NA,8.1
2021,7,5,Lovestruck in the City,愛在大都會,"浪漫, 喜劇",Jung Hyun-jung,7.6
2021,7,6,Sisyphus,薛西弗斯的神話,"科幻, 驚悚, 冒險動作",NA,7
2021,7,7,Run On,奔向愛情,"浪漫, 喜劇",NA,7.5
2021,8,1,Vincenzo,黑道律師文森佐,社會議題,Park Jae-beom,8.4
2021,8,1,Vincenzo,黑道律師文森佐,社會議題,Kim Hee-won,8.4
2021,8,2,Sisyphus,薛西弗斯的神話,"科幻, 驚悚, 冒險動作",NA,7
2021,8,5,The Uncanny Counter,驅魔麵館,"網路漫改, 奇幻, 驚悚",NA,8.1
2021,9,1,Vincenzo,黑道律師文森佐,社會議題,Park Jae-beom,8.4
2021,9,1,Vincenzo,黑道律師文森佐,社會議題,Kim Hee-won,8.4
2021,9,2,Sisyphus,薛西弗斯的神話,"科幻, 驚悚, 冒險動作",NA,7
2021,9,5,Love (ft. Marriage and Divorce),婚詞離曲,劇情,Im Sung-han,6.6
2021,9,7,The Uncanny Counter,驅魔麵館,"網路漫改, 奇幻, 驚悚",NA,8.1
2021,10,1,Vincenzo,黑道律師文森佐,社會議題,Park Jae-beom,8.4
2021,10,1,Vincenzo,黑道律師文森佐,社會議題,Kim Hee-won,8.4
2021,10,2,Sisyphus,薛西弗斯的神話,"科幻, 驚悚, 冒險動作",NA,7
2021,10,5,Love (ft. Marriage and Divorce),婚詞離曲,劇情,Im Sung-han,6.6
2021,11,1,Vincenzo,黑道律師文森佐,社會議題,Park Jae-beom,8.4
2021,11,1,Vincenzo,黑道律師文森佐,社會議題,Kim Hee-won,8.4
2021,11,2,Sisyphus,薛西弗斯的神話,"科幻, 驚悚, 冒險動作",NA,7
2021,11,5,Love (ft. Marriage and Divorce),婚詞離曲,劇情,Im Sung-han,6.6
2021,11,7,Love Alarm,喜歡的話請響鈴,"網路漫改, 浪漫, 青少年",Yoo Bo-ra,6.8
2021,12,1,Vincenzo,黑道律師文森佐,社會議題,Park Jae-beom,8.4
2021,12,1,Vincenzo,黑道律師文森佐,社會議題,Kim Hee-won,8.4
2021,12,10,Love (ft. Marriage and Divorce),婚詞離曲,劇情,Im Sung-han,6.6
2021,12,2,Sisyphus,薛西弗斯的神話,"科幻, 驚悚, 冒險動作",NA,7
2021,12,6,Love (ft. Marriage and Divorce),婚詞離曲,劇情,Im Sung-han,6.6
2021,13,1,Vincenzo,黑道律師文森佐,社會議題,Park Jae-beom,8.4
2021,13,1,Vincenzo,黑道律師文森佐,社會議題,Kim Hee-won,8.4
2021,13,2,Sisyphus,薛西弗斯的神話,"科幻, 驚悚, 冒險動作",NA,7
2021,13,8,Love (ft. Marriage and Divorce),婚詞離曲,劇情,Im Sung-han,6.6
2021,14,1,Vincenzo,黑道律師文森佐,社會議題,Park Jae-beom,8.4
2021,14,1,Vincenzo,黑道律師文森佐,社會議題,Kim Hee-won,8.4
2021,14,2,Sisyphus,薛西弗斯的神話,"科幻, 驚悚, 冒險動作",NA,7
2021,15,1,Vincenzo,黑道律師文森佐,社會議題,Park Jae-beom,8.4
2021,15,1,Vincenzo,黑道律師文森佐,社會議題,Kim Hee-won,8.4
2021,15,10,Law School,LAW SCHOOL,"懸疑推理, 犯罪, 法庭",Kim Sok-yun,8
2021,15,10,Law School,LAW SCHOOL,"懸疑推理, 犯罪, 法庭",Seo In,8
2021,15,2,Sisyphus,薛西弗斯的神話,"科幻, 驚悚, 冒險動作",NA,7
2021,15,9,Sisyphus,薛西弗斯的神話,"科幻, 驚悚, 冒險動作",NA,7
2021,16,1,Vincenzo,黑道律師文森佐,社會議題,Park Jae-beom,8.4
2021,16,1,Vincenzo,黑道律師文森佐,社會議題,Kim Hee-won,8.4
2021,16,2,Sisyphus,薛西弗斯的神話,"科幻, 驚悚, 冒險動作",NA,7
2021,16,5,Law School,LAW SCHOOL,"懸疑推理, 犯罪, 法庭",Kim Sok-yun,8
2021,16,5,Law School,LAW SCHOOL,"懸疑推理, 犯罪, 法庭",Seo In,8
2021,16,8,Navillera,如蝶翩翩,網路漫改,Lee Eun Mi,8.8
2021,16,8,Navillera,如蝶翩翩,網路漫改,Hun,8.8
2021,17,1,Vincenzo,黑道律師文森佐,社會議題,Park Jae-beom,8.4
2021,17,1,Vincenzo,黑道律師文森佐,社會議題,Kim Hee-won,8.4
2021,17,5,Law School,LAW SCHOOL,"懸疑推理, 犯罪, 法庭",Kim Sok-yun,8
2021,17,5,Law School,LAW SCHOOL,"懸疑推理, 犯罪, 法庭",Seo In,8
2021,17,6,Sisyphus,薛西弗斯的神話,"科幻, 驚悚, 冒險動作",NA,7
2021,17,7,Navillera,如蝶翩翩,網路漫改,Lee Eun Mi,8.8
2021,17,7,Navillera,如蝶翩翩,網路漫改,Hun,8.8
2021,18,1,Vincenzo,黑道律師文森佐,社會議題,Park Jae-beom,8.4
2021,18,1,Vincenzo,黑道律師文森佐,社會議題,Kim Hee-won,8.4
2021,18,4,Law School,LAW SCHOOL,"懸疑推理, 犯罪, 法庭",Kim Sok-yun,8
2021,18,4,Law School,LAW SCHOOL,"懸疑推理, 犯罪, 法庭",Seo In,8
2021,18,6,Possessed,附身,"犯罪, 奇幻, 驚悚",NA,6.7
2021,18,8,Navillera,如蝶翩翩,網路漫改,Lee Eun Mi,8.8
2021,18,8,Navillera,如蝶翩翩,網路漫改,Hun,8.8
2021,18,9,Sisyphus,薛西弗斯的神話,"科幻, 驚悚, 冒險動作",NA,7
2021,19,1,Vincenzo,黑道律師文森佐,社會議題,Park Jae-beom,8.4
2021,19,1,Vincenzo,黑道律師文森佐,社會議題,Kim Hee-won,8.4
2021,19,10,Possessed,附身,"犯罪, 奇幻, 驚悚",NA,6.7
2021,19,4,Law School,LAW SCHOOL,"懸疑推理, 犯罪, 法庭",Kim Sok-yun,8
2021,19,4,Law School,LAW SCHOOL,"懸疑推理, 犯罪, 法庭",Seo In,8
2021,19,5,Mine,我的上流世界,劇情,Baek Mi-kyung,7.7
2021,19,5,Mine,我的上流世界,劇情,Lee Na-jeong,7.7
2021,20,2,Vincenzo,黑道律師文森佐,社會議題,Park Jae-beom,8.4
2021,20,2,Vincenzo,黑道律師文森佐,社會議題,Kim Hee-won,8.4
2021,20,4,Move to Heaven,MOVE TO HEAVEN：我是遺物整理師,劇情,Yoon Ji-ryeon,8.6
2021,20,7,Mine,我的上流世界,劇情,Baek Mi-kyung,7.7
2021,20,7,Mine,我的上流世界,劇情,Lee Na-jeong,7.7
2021,20,8,Law School,LAW SCHOOL,"懸疑推理, 犯罪, 法庭",Kim Sok-yun,8
2021,20,8,Law School,LAW SCHOOL,"懸疑推理, 犯罪, 法庭",Seo In,8
2021,21,2,Move to Heaven,MOVE TO HEAVEN：我是遺物整理師,劇情,Yoon Ji-ryeon,8.6
2021,21,4,Vincenzo,黑道律師文森佐,社會議題,Park Jae-beom,8.4
2021,21,4,Vincenzo,黑道律師文森佐,社會議題,Kim Hee-won,8.4
2021,21,5,Mine,我的上流世界,劇情,Baek Mi-kyung,7.7
2021,21,5,Mine,我的上流世界,劇情,Lee Na-jeong,7.7
2021,21,7,Law School,LAW SCHOOL,"懸疑推理, 犯罪, 法庭",Kim Sok-yun,8
2021,21,7,Law School,LAW SCHOOL,"懸疑推理, 犯罪, 法庭",Seo In,8
2021,22,2,Move to Heaven,MOVE TO HEAVEN：我是遺物整理師,劇情,Yoon Ji-ryeon,8.6
2021,22,3,Vincenzo,黑道律師文森佐,社會議題,Park Jae-beom,8.4
2021,22,3,Vincenzo,黑道律師文森佐,社會議題,Kim Hee-won,8.4
2021,22,4,Mine,我的上流世界,劇情,Baek Mi-kyung,7.7
2021,22,4,Mine,我的上流世界,劇情,Lee Na-jeong,7.7
2021,22,7,Law School,LAW SCHOOL,"懸疑推理, 犯罪, 法庭",Kim Sok-yun,8
2021,22,7,Law School,LAW SCHOOL,"懸疑推理, 犯罪, 法庭",Seo In,8
2021,23,2,Mine,我的上流世界,劇情,Baek Mi-kyung,7.7
2021,23,2,Mine,我的上流世界,劇情,Lee Na-jeong,7.7
2021,23,4,Vincenzo,黑道律師文森佐,社會議題,Park Jae-beom,8.4
2021,23,4,Vincenzo,黑道律師文森佐,社會議題,Kim Hee-won,8.4
2021,23,5,Move to Heaven,MOVE TO HEAVEN：我是遺物整理師,劇情,Yoon Ji-ryeon,8.6
2021,23,7,Law School,LAW SCHOOL,"懸疑推理, 犯罪, 法庭",Kim Sok-yun,8
2021,23,7,Law School,LAW SCHOOL,"懸疑推理, 犯罪, 法庭",Seo In,8
2021,24,1,Mine,我的上流世界,劇情,Baek Mi-kyung,7.7
2021,24,1,Mine,我的上流世界,劇情,Lee Na-jeong,7.7
2021,24,10,Law School,LAW SCHOOL,"懸疑推理, 犯罪, 法庭",Kim Sok-yun,8
2021,24,10,Law School,LAW SCHOOL,"懸疑推理, 犯罪, 法庭",Seo In,8
2021,24,4,Vincenzo,黑道律師文森佐,社會議題,Park Jae-beom,8.4
2021,24,4,Vincenzo,黑道律師文森佐,社會議題,Kim Hee-won,8.4
2021,24,7,Move to Heaven,MOVE TO HEAVEN：我是遺物整理師,劇情,Yoon Ji-ryeon,8.6
2021,24,8,Hospital Playlist,機智醫生生活,醫療,Lee Woo-jung,8.8
2021,24,8,Hospital Playlist,機智醫生生活,醫療,Shin Won-ho,8.8
2021,25,1,Mine,我的上流世界,劇情,Baek Mi-kyung,7.7
2021,25,1,Mine,我的上流世界,劇情,Lee Na-jeong,7.7
2021,25,2,Hospital Playlist,機智醫生生活,醫療,Lee Woo-jung,8.8
2021,25,2,Hospital Playlist,機智醫生生活,醫療,Shin Won-ho,8.8
2021,25,5,Vincenzo,黑道律師文森佐,社會議題,Park Jae-beom,8.4
2021,25,5,Vincenzo,黑道律師文森佐,社會議題,Kim Hee-won,8.4
2021,25,8,"Nevertheless,",無法抗拒的他,"網路漫改, 浪漫",Kim Ga-ram,7.2
2021,26,1,Mine,我的上流世界,劇情,Baek Mi-kyung,7.7
2021,26,1,Mine,我的上流世界,劇情,Lee Na-jeong,7.7
2021,26,10,Racket Boys,羽球少年團,"青少年, 喜劇",NA,4
2021,26,2,Hospital Playlist,機智醫生生活,醫療,Lee Woo-jung,8.8
2021,26,2,Hospital Playlist,機智醫生生活,醫療,Shin Won-ho,8.8
2021,26,7,Vincenzo,黑道律師文森佐,社會議題,Park Jae-beom,8.4
2021,26,7,Vincenzo,黑道律師文森佐,社會議題,Kim Hee-won,8.4
2021,26,8,"Nevertheless,",無法抗拒的他,"網路漫改, 浪漫",Kim Ga-ram,7.2
2021,27,2,Hospital Playlist,機智醫生生活,醫療,Lee Woo-jung,8.8
2021,27,2,Hospital Playlist,機智醫生生活,醫療,Shin Won-ho,8.8
2021,27,4,"Nevertheless,",無法抗拒的他,"網路漫改, 浪漫",Kim Ga-ram,7.2
2021,27,5,Mine,我的上流世界,劇情,Baek Mi-kyung,7.7
2021,27,5,Mine,我的上流世界,劇情,Lee Na-jeong,7.7
2021,27,6,Vincenzo,黑道律師文森佐,社會議題,Park Jae-beom,8.4
2021,27,6,Vincenzo,黑道律師文森佐,社會議題,Kim Hee-won,8.4
2021,27,9,Racket Boys,羽球少年團,"青少年, 喜劇",NA,4
2021,28,10,Mine,我的上流世界,劇情,Baek Mi-kyung,7.7
2021,28,10,Mine,我的上流世界,劇情,Lee Na-jeong,7.7
2021,28,2,Hospital Playlist,機智醫生生活,醫療,Lee Woo-jung,8.8
2021,28,2,Hospital Playlist,機智醫生生活,醫療,Shin Won-ho,8.8
2021,28,3,"Nevertheless,",無法抗拒的他,"網路漫改, 浪漫",Kim Ga-ram,7.2
2021,28,5,Vincenzo,黑道律師文森佐,社會議題,Park Jae-beom,8.4
2021,28,5,Vincenzo,黑道律師文森佐,社會議題,Kim Hee-won,8.4
2021,28,7,Racket Boys,羽球少年團,"青少年, 喜劇",NA,4
2021,28,9,Love (ft. Marriage and Divorce),婚詞離曲,劇情,Im Sung-han,6.6
2021,29,1,"Nevertheless,",無法抗拒的他,"網路漫改, 浪漫",Kim Ga-ram,7.2
2021,29,2,Hospital Playlist,機智醫生生活,醫療,Lee Woo-jung,8.8
2021,29,2,Hospital Playlist,機智醫生生活,醫療,Shin Won-ho,8.8
2021,29,6,Love (ft. Marriage and Divorce),婚詞離曲,劇情,Im Sung-han,6.6
2021,29,7,Vincenzo,黑道律師文森佐,社會議題,Park Jae-beom,8.4
2021,29,7,Vincenzo,黑道律師文森佐,社會議題,Kim Hee-won,8.4
2021,29,8,Racket Boys,羽球少年團,"青少年, 喜劇",NA,4
2021,30,1,"Nevertheless,",無法抗拒的他,"網路漫改, 浪漫",Kim Ga-ram,7.2
2021,30,10,Kingdom,屍戰朝鮮,"網路漫改, 政治, 時代經典, 驚悚, 恐怖, 冒險動作",Kim Eun-hee,8.3
2021,30,2,Hospital Playlist,機智醫生生活,醫療,Lee Woo-jung,8.8
2021,30,2,Hospital Playlist,機智醫生生活,醫療,Shin Won-ho,8.8
2021,30,5,Racket Boys,羽球少年團,"青少年, 喜劇",NA,4
2021,30,8,Vincenzo,黑道律師文森佐,社會議題,Park Jae-beom,8.4
2021,30,8,Vincenzo,黑道律師文森佐,社會議題,Kim Hee-won,8.4
2021,30,9,Love (ft. Marriage and Divorce),婚詞離曲,劇情,Im Sung-han,6.6
2021,31,1,"Nevertheless,",無法抗拒的他,"網路漫改, 浪漫",Kim Ga-ram,7.2
2021,31,10,You Are My Spring,你是我的春天,浪漫,Lee Mi-na,7.4
2021,31,2,What's Wrong with Secretary Kim,金秘書為何那樣,"網路漫改, 浪漫, 喜劇, 書籍改編",NA,8.1
2021,31,3,Hospital Playlist,機智醫生生活,醫療,Lee Woo-jung,8.8
2021,31,3,Hospital Playlist,機智醫生生活,醫療,Shin Won-ho,8.8
2021,31,5,Love (ft. Marriage and Divorce),婚詞離曲,劇情,Im Sung-han,6.6
2021,31,7,Lawless Lawyer,武法律師,"犯罪, 法庭, 驚悚",Kim Jin-min,7.6
2021,31,8,Racket Boys,羽球少年團,"青少年, 喜劇",NA,4
2021,31,9,Vincenzo,黑道律師文森佐,社會議題,Park Jae-beom,8.4
2021,31,9,Vincenzo,黑道律師文森佐,社會議題,Kim Hee-won,8.4
2021,32,1,Hospital Playlist,機智醫生生活,醫療,Lee Woo-jung,8.8
2021,32,1,Hospital Playlist,機智醫生生活,醫療,Shin Won-ho,8.8
2021,32,2,"Nevertheless,",無法抗拒的他,"網路漫改, 浪漫",Kim Ga-ram,7.2
2021,32,3,What's Wrong with Secretary Kim,金秘書為何那樣,"網路漫改, 浪漫, 喜劇, 書籍改編",NA,8.1
2021,32,5,Racket Boys,羽球少年團,"青少年, 喜劇",NA,4
2021,32,6,Love (ft. Marriage and Divorce),婚詞離曲,劇情,Im Sung-han,6.6
2021,33,2,Hospital Playlist,機智醫生生活,醫療,Lee Woo-jung,8.8
2021,33,2,Hospital Playlist,機智醫生生活,醫療,Shin Won-ho,8.8
2021,33,3,"Nevertheless,",無法抗拒的他,"網路漫改, 浪漫",Kim Ga-ram,7.2
2021,33,4,What's Wrong with Secretary Kim,金秘書為何那樣,"網路漫改, 浪漫, 喜劇, 書籍改編",NA,8.1
2021,33,7,Racket Boys,羽球少年團,"青少年, 喜劇",NA,4
2021,33,8,You Are My Spring,你是我的春天,浪漫,Lee Mi-na,7.4
2021,34,2,Hospital Playlist,機智醫生生活,醫療,Lee Woo-jung,8.8
2021,34,2,Hospital Playlist,機智醫生生活,醫療,Shin Won-ho,8.8
2021,34,3,"Nevertheless,",無法抗拒的他,"網路漫改, 浪漫",Kim Ga-ram,7.2
2021,34,4,What's Wrong with Secretary Kim,金秘書為何那樣,"網路漫改, 浪漫, 喜劇, 書籍改編",NA,8.1
2021,34,7,You Are My Spring,你是我的春天,浪漫,Lee Mi-na,7.4
2021,35,10,Hotel Del Luna,德魯納酒店,"奇幻, 浪漫, 喜劇",Hong Jeong-eun,8.2
2021,35,10,Hotel Del Luna,德魯納酒店,"奇幻, 浪漫, 喜劇",Hong Mi Ran,8.2
2021,35,2,Hospital Playlist,機智醫生生活,醫療,Lee Woo-jung,8.8
2021,35,2,Hospital Playlist,機智醫生生活,醫療,Shin Won-ho,8.8
2021,35,3,D.P.,D.P：逃兵追緝令,"網路漫改, 社會議題",Han Jun-hee,8.2
2021,35,3,D.P.,D.P：逃兵追緝令,"網路漫改, 社會議題",Kim Bo-tong,8.2
2021,35,4,Hometown Cha-Cha-Cha,海岸村恰恰恰,"浪漫, 喜劇",Shin Ha-eun,8.5
2021,35,5,"Nevertheless,",無法抗拒的他,"網路漫改, 浪漫",Kim Ga-ram,7.2
2021,35,6,What's Wrong with Secretary Kim,金秘書為何那樣,"網路漫改, 浪漫, 喜劇, 書籍改編",NA,8.1
2021,35,7,Doctor John,天才醫生車耀漢,"醫學, 書籍改編, 社會議題",NA,8.1
2021,36,2,Hometown Cha-Cha-Cha,海岸村恰恰恰,"浪漫, 喜劇",Shin Ha-eun,8.5
2021,36,3,Hospital Playlist,機智醫生生活,醫療,Lee Woo-jung,8.8
2021,36,3,Hospital Playlist,機智醫生生活,醫療,Shin Won-ho,8.8
2021,36,5,Hotel Del Luna,德魯納酒店,"奇幻, 浪漫, 喜劇",Hong Jeong-eun,8.2
2021,36,5,Hotel Del Luna,德魯納酒店,"奇幻, 浪漫, 喜劇",Hong Mi Ran,8.2
2021,36,6,D.P.,D.P：逃兵追緝令,"網路漫改, 社會議題",Han Jun-hee,8.2
2021,36,6,D.P.,D.P：逃兵追緝令,"網路漫改, 社會議題",Kim Bo-tong,8.2
2021,36,7,Doctor John,天才醫生車耀漢,"醫學, 書籍改編, 社會議題",NA,8.1
2021,36,8,"Nevertheless,",無法抗拒的他,"網路漫改, 浪漫",Kim Ga-ram,7.2
2021,37,1,Hometown Cha-Cha-Cha,海岸村恰恰恰,"浪漫, 喜劇",Shin Ha-eun,8.5
2021,37,2,Hospital Playlist,機智醫生生活,醫療,Lee Woo-jung,8.8
2021,37,2,Hospital Playlist,機智醫生生活,醫療,Shin Won-ho,8.8
2021,37,4,Hotel Del Luna,德魯納酒店,"奇幻, 浪漫, 喜劇",Hong Jeong-eun,8.2
2021,37,4,Hotel Del Luna,德魯納酒店,"奇幻, 浪漫, 喜劇",Hong Mi Ran,8.2
2021,37,6,D.P.,D.P：逃兵追緝令,"網路漫改, 社會議題",Han Jun-hee,8.2
2021,37,6,D.P.,D.P：逃兵追緝令,"網路漫改, 社會議題",Kim Bo-tong,8.2
2021,37,8,Squid Game,魷魚遊戲,驚悚,Hwang Dong-hyuk,8
2021,38,1,Squid Game,魷魚遊戲,驚悚,Hwang Dong-hyuk,8
2021,38,2,Hometown Cha-Cha-Cha,海岸村恰恰恰,"浪漫, 喜劇",Shin Ha-eun,8.5
2021,38,3,Hospital Playlist,機智醫生生活,醫療,Lee Woo-jung,8.8
2021,38,3,Hospital Playlist,機智醫生生活,醫療,Shin Won-ho,8.8
2021,38,6,Hotel Del Luna,德魯納酒店,"奇幻, 浪漫, 喜劇",Hong Jeong-eun,8.2
2021,38,6,Hotel Del Luna,德魯納酒店,"奇幻, 浪漫, 喜劇",Hong Mi Ran,8.2
2021,38,8,D.P.,D.P：逃兵追緝令,"網路漫改, 社會議題",Han Jun-hee,8.2
2021,38,8,D.P.,D.P：逃兵追緝令,"網路漫改, 社會議題",Kim Bo-tong,8.2
2021,38,9,Mad Dog,瘋狗,"犯罪, 驚悚",Kim Soo-jin,7.7
2021,38,9,Mad Dog,瘋狗,"犯罪, 驚悚",Hwang Eui-kyung,7.7
2021,39,1,Squid Game,魷魚遊戲,驚悚,Hwang Dong-hyuk,8
2021,39,10,Mad Dog,瘋狗,"犯罪, 驚悚",Kim Soo-jin,7.7
2021,39,10,Mad Dog,瘋狗,"犯罪, 驚悚",Hwang Eui-kyung,7.7
2021,39,2,Hometown Cha-Cha-Cha,海岸村恰恰恰,"浪漫, 喜劇",Shin Ha-eun,8.5
2021,39,3,Hospital Playlist,機智醫生生活,醫療,Lee Woo-jung,8.8
2021,39,3,Hospital Playlist,機智醫生生活,醫療,Shin Won-ho,8.8
2021,39,7,Hotel Del Luna,德魯納酒店,"奇幻, 浪漫, 喜劇",Hong Jeong-eun,8.2
2021,39,7,Hotel Del Luna,德魯納酒店,"奇幻, 浪漫, 喜劇",Hong Mi Ran,8.2
2021,40,1,Squid Game,魷魚遊戲,驚悚,Hwang Dong-hyuk,8
2021,40,2,Hometown Cha-Cha-Cha,海岸村恰恰恰,"浪漫, 喜劇",Shin Ha-eun,8.5
2021,40,3,Hospital Playlist,機智醫生生活,醫療,Lee Woo-jung,8.8
2021,40,3,Hospital Playlist,機智醫生生活,醫療,Shin Won-ho,8.8
2021,40,8,Hotel Del Luna,德魯納酒店,"奇幻, 浪漫, 喜劇",Hong Jeong-eun,8.2
2021,40,8,Hotel Del Luna,德魯納酒店,"奇幻, 浪漫, 喜劇",Hong Mi Ran,8.2
2021,41,1,Hometown Cha-Cha-Cha,海岸村恰恰恰,"浪漫, 喜劇",Shin Ha-eun,8.5
2021,41,2,Squid Game,魷魚遊戲,驚悚,Hwang Dong-hyuk,8
2021,41,3,Hospital Playlist,機智醫生生活,醫療,Lee Woo-jung,8.8
2021,41,3,Hospital Playlist,機智醫生生活,醫療,Shin Won-ho,8.8
2021,41,8,The King's Affection,戀慕,"浪漫, 漫畫改編, 時代經典",Han Hee-jung,7.9
2021,41,9,Hotel Del Luna,德魯納酒店,"奇幻, 浪漫, 喜劇",Hong Jeong-eun,8.2
2021,41,9,Hotel Del Luna,德魯納酒店,"奇幻, 浪漫, 喜劇",Hong Mi Ran,8.2
2021,42,1,Hometown Cha-Cha-Cha,海岸村恰恰恰,"浪漫, 喜劇",Shin Ha-eun,8.5
2021,42,2,My Name,以吾之名,"犯罪, 驚悚, 冒險動作",Kim Jin-min,7.8
2021,42,3,Squid Game,魷魚遊戲,驚悚,Hwang Dong-hyuk,8
2021,42,7,The King's Affection,戀慕,"浪漫, 漫畫改編, 時代經典",Han Hee-jung,7.9
2021,42,8,Hospital Playlist,機智醫生生活,醫療,Lee Woo-jung,8.8
2021,42,8,Hospital Playlist,機智醫生生活,醫療,Shin Won-ho,8.8
2021,42,9,Hotel Del Luna,德魯納酒店,"奇幻, 浪漫, 喜劇",Hong Jeong-eun,8.2
2021,42,9,Hotel Del Luna,德魯納酒店,"奇幻, 浪漫, 喜劇",Hong Mi Ran,8.2
2021,43,1,My Name,以吾之名,"犯罪, 驚悚, 冒險動作",Kim Jin-min,7.8
2021,43,2,Hometown Cha-Cha-Cha,海岸村恰恰恰,"浪漫, 喜劇",Shin Ha-eun,8.5
2021,43,5,Squid Game,魷魚遊戲,驚悚,Hwang Dong-hyuk,8
2021,43,6,The King's Affection,戀慕,"浪漫, 漫畫改編, 時代經典",Han Hee-jung,7.9
2021,43,9,Hospital Playlist,機智醫生生活,醫療,Lee Woo-jung,8.8
2021,43,9,Hospital Playlist,機智醫生生活,醫療,Shin Won-ho,8.8
2021,44,1,Hometown Cha-Cha-Cha,海岸村恰恰恰,"浪漫, 喜劇",Shin Ha-eun,8.5
2021,44,10,Hospital Playlist,機智醫生生活,醫療,Lee Woo-jung,8.8
2021,44,10,Hospital Playlist,機智醫生生活,醫療,Shin Won-ho,8.8
2021,44,2,My Name,以吾之名,"犯罪, 驚悚, 冒險動作",Kim Jin-min,7.8
2021,44,5,The King's Affection,戀慕,"浪漫, 漫畫改編, 時代經典",Han Hee-jung,7.9
2021,44,6,Inspector Koo,神探具景伊,"犯罪, 驚悚, 喜劇",NA,6.9
2021,44,7,Squid Game,魷魚遊戲,驚悚,Hwang Dong-hyuk,8
2021,44,9,My ID is Gangnam Beauty,我的ID是江南美人,"網路漫改, 浪漫",NA,7.4
2021,45,1,Hometown Cha-Cha-Cha,海岸村恰恰恰,"浪漫, 喜劇",Shin Ha-eun,8.5
2021,45,10,Misty,謎霧,"懸疑推理, 犯罪, 浪漫",NA,8
2021,45,4,The King's Affection,戀慕,"浪漫, 漫畫改編, 時代經典",Han Hee-jung,7.9
2021,45,5,My Name,以吾之名,"犯罪, 驚悚, 冒險動作",Kim Jin-min,7.8
2021,45,6,Inspector Koo,神探具景伊,"犯罪, 驚悚, 喜劇",NA,6.9
2021,45,8,Squid Game,魷魚遊戲,驚悚,Hwang Dong-hyuk,8
2021,46,1,Hometown Cha-Cha-Cha,海岸村恰恰恰,"浪漫, 喜劇",Shin Ha-eun,8.5
2021,46,3,The King's Affection,戀慕,"浪漫, 漫畫改編, 時代經典",Han Hee-jung,7.9
2021,46,4,Misty,謎霧,"懸疑推理, 犯罪, 浪漫",NA,8
2021,46,5,My Name,以吾之名,"犯罪, 驚悚, 冒險動作",Kim Jin-min,7.8
2021,46,6,Inspector Koo,神探具景伊,"犯罪, 驚悚, 喜劇",NA,6.9
2021,47,1,Hellbound,地獄公使,"懸疑推理, 犯罪, 網路漫改, 驚悚, 恐怖",Yeon Sang-ho,6.6
2021,47,1,Hellbound,地獄公使,"懸疑推理, 犯罪, 網路漫改, 驚悚, 恐怖",Choi Gyu-seok,6.6
2021,47,3,Hometown Cha-Cha-Cha,海岸村恰恰恰,"浪漫, 喜劇",Shin Ha-eun,8.5
2021,47,4,The King's Affection,戀慕,"浪漫, 漫畫改編, 時代經典",Han Hee-jung,7.9
2021,47,6,Misty,謎霧,"懸疑推理, 犯罪, 浪漫",NA,8
2021,47,8,Inspector Koo,神探具景伊,"犯罪, 驚悚, 喜劇",NA,6.9
2021,48,2,Hellbound,地獄公使,"懸疑推理, 犯罪, 網路漫改, 驚悚, 恐怖",Yeon Sang-ho,6.6
2021,48,2,Hellbound,地獄公使,"懸疑推理, 犯罪, 網路漫改, 驚悚, 恐怖",Choi Gyu-seok,6.6
2021,48,3,The King's Affection,戀慕,"浪漫, 漫畫改編, 時代經典",Han Hee-jung,7.9
2021,48,6,Hometown Cha-Cha-Cha,海岸村恰恰恰,"浪漫, 喜劇",Shin Ha-eun,8.5
2021,49,4,The King's Affection,戀慕,"浪漫, 漫畫改編, 時代經典",Han Hee-jung,7.9
2021,49,5,Hellbound,地獄公使,"懸疑推理, 犯罪, 網路漫改, 驚悚, 恐怖",Yeon Sang-ho,6.6
2021,49,5,Hellbound,地獄公使,"懸疑推理, 犯罪, 網路漫改, 驚悚, 恐怖",Choi Gyu-seok,6.6
2021,49,6,Hometown Cha-Cha-Cha,海岸村恰恰恰,"浪漫, 喜劇",Shin Ha-eun,8.5
2021,49,7,The Beauty Inside,愛上變身情人,"浪漫, 喜劇",Im Meari,7.6
2021,50,3,The King's Affection,戀慕,"浪漫, 漫畫改編, 時代經典",Han Hee-jung,7.9
2021,50,4,Hometown Cha-Cha-Cha,海岸村恰恰恰,"浪漫, 喜劇",Shin Ha-eun,8.5
2021,50,5,Our Beloved Summer,那年，我們的夏天,"浪漫, 喜劇",Lee Na-eun,8.4
2021,50,7,Inspector Koo,神探具景伊,"犯罪, 驚悚, 喜劇",NA,6.9
2021,50,9,The Beauty Inside,愛上變身情人,"浪漫, 喜劇",Im Meari,7.6
2021,51,10,Bulgasal: Immortal Souls,不可殺：永生之靈,"奇幻, 驚悚",Seo Jae-won,7.3
2021,51,10,Bulgasal: Immortal Souls,不可殺：永生之靈,"奇幻, 驚悚",Kwon So-ra,7.3
2021,51,4,Our Beloved Summer,那年，我們的夏天,"浪漫, 喜劇",Lee Na-eun,8.4
2021,51,6,The King's Affection,戀慕,"浪漫, 漫畫改編, 時代經典",Han Hee-jung,7.9
2021,51,7,Hometown Cha-Cha-Cha,海岸村恰恰恰,"浪漫, 喜劇",Shin Ha-eun,8.5
2021,51,9,The Silent Sea,寧靜海,"懸疑推理, 科幻, 驚悚",Park Eun-kyo,6.9
2021,51,9,The Silent Sea,寧靜海,"懸疑推理, 科幻, 驚悚",Choi Hang-yong,6.9
2021,52,1,The Silent Sea,寧靜海,"懸疑推理, 科幻, 驚悚",Park Eun-kyo,6.9
2021,52,1,The Silent Sea,寧靜海,"懸疑推理, 科幻, 驚悚",Choi Hang-yong,6.9
2021,52,10,Hometown Cha-Cha-Cha,海岸村恰恰恰,"浪漫, 喜劇",Shin Ha-eun,8.5
2021,52,5,Our Beloved Summer,那年，我們的夏天,"浪漫, 喜劇",Lee Na-eun,8.4
2021,52,6,Singles Inferno,單身即地獄,"競賽實境, 實境",Kim Jae-won,7.1
2021,52,6,Singles Inferno,單身即地獄,"競賽實境, 實境",Kim Na-hyun,7.1
2021,52,9,The King's Affection,戀慕,"浪漫, 漫畫改編, 時代經典",Han Hee-jung,7.9
2022,1,2,Singles Inferno,單身即地獄,"競賽實境, 實境",Kim Jae-won,7.1
2022,1,2,Singles Inferno,單身即地獄,"競賽實境, 實境",Kim Na-hyun,7.1
2022,1,3,Our Beloved Summer,那年，我們的夏天,"浪漫, 喜劇",Lee Na-eun,8.4
2022,1,4,The Silent Sea,寧靜海,"懸疑推理, 科幻, 驚悚",Park Eun-kyo,6.9
2022,1,4,The Silent Sea,寧靜海,"懸疑推理, 科幻, 驚悚",Choi Hang-yong,6.9
2022,1,9,Bulgasal: Immortal Souls,不可殺：永生之靈,"奇幻, 驚悚",Seo Jae-won,7.3
2022,1,9,Bulgasal: Immortal Souls,不可殺：永生之靈,"奇幻, 驚悚",Kwon So-ra,7.3
2022,2,1,Singles Inferno,單身即地獄,"競賽實境, 實境",Kim Jae-won,7.1
2022,2,1,Singles Inferno,單身即地獄,"競賽實境, 實境",Kim Na-hyun,7.1
2022,2,10,Bulgasal: Immortal Souls,不可殺：永生之靈,"奇幻, 驚悚",Seo Jae-won,7.3
2022,2,10,Bulgasal: Immortal Souls,不可殺：永生之靈,"奇幻, 驚悚",Kwon So-ra,7.3
2022,2,4,Our Beloved Summer,那年，我們的夏天,"浪漫, 喜劇",Lee Na-eun,8.4
2022,2,9,The Silent Sea,寧靜海,"懸疑推理, 科幻, 驚悚",Park Eun-kyo,6.9
2022,2,9,The Silent Sea,寧靜海,"懸疑推理, 科幻, 驚悚",Choi Hang-yong,6.9
2022,3,1,Our Beloved Summer,那年，我們的夏天,"浪漫, 喜劇",Lee Na-eun,8.4
2022,3,2,Singles Inferno,單身即地獄,"競賽實境, 實境",Kim Jae-won,7.1
2022,3,2,Singles Inferno,單身即地獄,"競賽實境, 實境",Kim Na-hyun,7.1
2022,3,7,Bulgasal: Immortal Souls,不可殺：永生之靈,"奇幻, 驚悚",Seo Jae-won,7.3
2022,3,7,Bulgasal: Immortal Souls,不可殺：永生之靈,"奇幻, 驚悚",Kwon So-ra,7.3
2022,4,1,Our Beloved Summer,那年，我們的夏天,"浪漫, 喜劇",Lee Na-eun,8.4
2022,4,10,All of Us Are Dead,殭屍校園,"網路漫改, 青少年",Chun Sung-il,7.5
2022,4,10,All of Us Are Dead,殭屍校園,"網路漫改, 青少年",JQ Lee,7.5
2022,4,3,Singles Inferno,單身即地獄,"競賽實境, 實境",Kim Jae-won,7.1
2022,4,3,Singles Inferno,單身即地獄,"競賽實境, 實境",Kim Na-hyun,7.1
2022,4,7,Bulgasal: Immortal Souls,不可殺：永生之靈,"奇幻, 驚悚",Seo Jae-won,7.3
2022,4,7,Bulgasal: Immortal Souls,不可殺：永生之靈,"奇幻, 驚悚",Kwon So-ra,7.3
2022,4,8,Encounter,男朋友,浪漫,Yoo Young-a,7.5
2022,5,1,All of Us Are Dead,殭屍校園,"網路漫改, 青少年",Chun Sung-il,7.5
2022,5,1,All of Us Are Dead,殭屍校園,"網路漫改, 青少年",JQ Lee,7.5
2022,5,10,Singles Inferno,單身即地獄,"競賽實境, 實境",Kim Jae-won,7.1
2022,5,10,Singles Inferno,單身即地獄,"競賽實境, 實境",Kim Na-hyun,7.1
2022,5,2,Our Beloved Summer,那年，我們的夏天,"浪漫, 喜劇",Lee Na-eun,8.4
2022,5,4,Encounter,男朋友,浪漫,Yoo Young-a,7.5
2022,5,9,Bulgasal: Immortal Souls,不可殺：永生之靈,"奇幻, 驚悚",Seo Jae-won,7.3
2022,5,9,Bulgasal: Immortal Souls,不可殺：永生之靈,"奇幻, 驚悚",Kwon So-ra,7.3
2022,6,1,All of Us Are Dead,殭屍校園,"網路漫改, 青少年",Chun Sung-il,7.5
2022,6,1,All of Us Are Dead,殭屍校園,"網路漫改, 青少年",JQ Lee,7.5
2022,6,2,Our Beloved Summer,那年，我們的夏天,"浪漫, 喜劇",Lee Na-eun,8.4
2022,6,5,Bulgasal: Immortal Souls,不可殺：永生之靈,"奇幻, 驚悚",Seo Jae-won,7.3
2022,6,5,Bulgasal: Immortal Souls,不可殺：永生之靈,"奇幻, 驚悚",Kwon So-ra,7.3
2022,6,6,Encounter,男朋友,浪漫,Yoo Young-a,7.5
2022,6,9,Crash Landing on You,愛的迫降,"浪漫, 喜劇",Park Ji-eun,8.7
2022,7,1,All of Us Are Dead,殭屍校園,"網路漫改, 青少年",Chun Sung-il,7.5
2022,7,1,All of Us Are Dead,殭屍校園,"網路漫改, 青少年",JQ Lee,7.5
2022,7,10,Encounter,男朋友,浪漫,Yoo Young-a,7.5
2022,7,4,Our Beloved Summer,那年，我們的夏天,"浪漫, 喜劇",Lee Na-eun,8.4
2022,7,6,Crash Landing on You,愛的迫降,"浪漫, 喜劇",Park Ji-eun,8.7
2022,7,8,Forecasting Love and Weather,氣象廳的人們：社內戀愛殘酷史篇,"浪漫, 喜劇",Kang Eun-kyung,7.1
2022,7,9,Thirty-Nine,三十九,浪漫,Yoo Young-a,7.7
2022,7,9,Thirty-Nine,三十九,浪漫,Kim Sang-ho,7.7
2022,8,3,All of Us Are Dead,殭屍校園,"網路漫改, 青少年",Chun Sung-il,7.5
2022,8,3,All of Us Are Dead,殭屍校園,"網路漫改, 青少年",JQ Lee,7.5
2022,8,4,Thirty-Nine,三十九,浪漫,Yoo Young-a,7.7
2022,8,4,Thirty-Nine,三十九,浪漫,Kim Sang-ho,7.7
2022,8,5,Forecasting Love and Weather,氣象廳的人們：社內戀愛殘酷史篇,"浪漫, 喜劇",Kang Eun-kyung,7.1
2022,8,6,Our Beloved Summer,那年，我們的夏天,"浪漫, 喜劇",Lee Na-eun,8.4
2022,8,7,Twenty Five Twenty One,二十五，二十一,浪漫,Jung Jee-hyun,8.7
2022,8,7,Twenty Five Twenty One,二十五，二十一,浪漫,Kwon Do-eun,8.7
2022,8,8,Crash Landing on You,愛的迫降,"浪漫, 喜劇",Park Ji-eun,8.7
2022,8,9,Juvenile Justice,少年法庭,"犯罪, 法庭",Hong Jong-chan,8
2022,8,9,Juvenile Justice,少年法庭,"犯罪, 法庭",Kim Min-seok,8
2022,9,1,Juvenile Justice,少年法庭,"犯罪, 法庭",Hong Jong-chan,8
2022,9,1,Juvenile Justice,少年法庭,"犯罪, 法庭",Kim Min-seok,8
2022,9,10,Our Beloved Summer,那年，我們的夏天,"浪漫, 喜劇",Lee Na-eun,8.4
2022,9,3,Forecasting Love and Weather,氣象廳的人們：社內戀愛殘酷史篇,"浪漫, 喜劇",Kang Eun-kyung,7.1
2022,9,4,Thirty-Nine,三十九,浪漫,Yoo Young-a,7.7
2022,9,4,Thirty-Nine,三十九,浪漫,Kim Sang-ho,7.7
2022,9,5,Twenty Five Twenty One,二十五，二十一,浪漫,Jung Jee-hyun,8.7
2022,9,5,Twenty Five Twenty One,二十五，二十一,浪漫,Kwon Do-eun,8.7
2022,9,8,Business Proposal,社內相親,"網路漫改, 浪漫喜劇",Park Seon-ho,8.2
2022,9,8,Business Proposal,社內相親,"網路漫改, 浪漫喜劇",Han Sul-hee,8.2
2022,9,8,Business Proposal,社內相親,"網路漫改, 浪漫喜劇",Hong Bo-hui,8.2
2022,9,9,All of Us Are Dead,殭屍校園,"網路漫改, 青少年",Chun Sung-il,7.5
2022,9,9,All of Us Are Dead,殭屍校園,"網路漫改, 青少年",JQ Lee,7.5
2022,10,1,Juvenile Justice,少年法庭,"犯罪, 法庭",Hong Jong-chan,8
2022,10,1,Juvenile Justice,少年法庭,"犯罪, 法庭",Kim Min-seok,8
2022,10,2,Forecasting Love and Weather,氣象廳的人們：社內戀愛殘酷史篇,"浪漫, 喜劇",Kang Eun-kyung,7.1
2022,10,3,Business Proposal,社內相親,"網路漫改, 浪漫喜劇",Park Seon-ho,8.2
2022,10,3,Business Proposal,社內相親,"網路漫改, 浪漫喜劇",Han Sul-hee,8.2
2022,10,3,Business Proposal,社內相親,"網路漫改, 浪漫喜劇",Hong Bo-hui,8.2
2022,10,4,Twenty Five Twenty One,二十五，二十一,浪漫,Jung Jee-hyun,8.7
2022,10,4,Twenty Five Twenty One,二十五，二十一,浪漫,Kwon Do-eun,8.7
2022,10,5,Thirty-Nine,三十九,浪漫,Yoo Young-a,7.7
2022,10,5,Thirty-Nine,三十九,浪漫,Kim Sang-ho,7.7
2022,10,9,Our Beloved Summer,那年，我們的夏天,"浪漫, 喜劇",Lee Na-eun,8.4
2022,11,1,Juvenile Justice,少年法庭,"犯罪, 法庭",Hong Jong-chan,8
2022,11,1,Juvenile Justice,少年法庭,"犯罪, 法庭",Kim Min-seok,8
2022,11,2,Business Proposal,社內相親,"網路漫改, 浪漫喜劇",Park Seon-ho,8.2
2022,11,2,Business Proposal,社內相親,"網路漫改, 浪漫喜劇",Han Sul-hee,8.2
2022,11,2,Business Proposal,社內相親,"網路漫改, 浪漫喜劇",Hong Bo-hui,8.2
2022,11,3,Forecasting Love and Weather,氣象廳的人們：社內戀愛殘酷史篇,"浪漫, 喜劇",Kang Eun-kyung,7.1
2022,11,4,Twenty Five Twenty One,二十五，二十一,浪漫,Jung Jee-hyun,8.7
2022,11,4,Twenty Five Twenty One,二十五，二十一,浪漫,Kwon Do-eun,8.7
2022,11,5,Thirty-Nine,三十九,浪漫,Yoo Young-a,7.7
2022,11,5,Thirty-Nine,三十九,浪漫,Kim Sang-ho,7.7
2022,11,8,Love (ft. Marriage and Divorce),婚詞離曲,劇情,Im Sung-han,6.6
2022,12,10,Love (ft. Marriage and Divorce),婚詞離曲,劇情,Im Sung-han,6.6
2022,12,2,Business Proposal,社內相親,"網路漫改, 浪漫喜劇",Park Seon-ho,8.2
2022,12,2,Business Proposal,社內相親,"網路漫改, 浪漫喜劇",Han Sul-hee,8.2
2022,12,2,Business Proposal,社內相親,"網路漫改, 浪漫喜劇",Hong Bo-hui,8.2
2022,12,3,Twenty Five Twenty One,二十五，二十一,浪漫,Jung Jee-hyun,8.7
2022,12,3,Twenty Five Twenty One,二十五，二十一,浪漫,Kwon Do-eun,8.7
2022,12,4,Forecasting Love and Weather,氣象廳的人們：社內戀愛殘酷史篇,"浪漫, 喜劇",Kang Eun-kyung,7.1
2022,12,5,Juvenile Justice,少年法庭,"犯罪, 法庭",Hong Jong-chan,8
2022,12,5,Juvenile Justice,少年法庭,"犯罪, 法庭",Kim Min-seok,8
2022,12,6,Thirty-Nine,三十九,浪漫,Yoo Young-a,7.7
2022,12,6,Thirty-Nine,三十九,浪漫,Kim Sang-ho,7.7
2022,12,7,The Cursed,謗法,"懸疑推理, 驚悚, 恐怖",Yeon Sang-ho,7.1
2022,13,1,Business Proposal,社內相親,"網路漫改, 浪漫喜劇",Park Seon-ho,8.2
2022,13,1,Business Proposal,社內相親,"網路漫改, 浪漫喜劇",Han Sul-hee,8.2
2022,13,1,Business Proposal,社內相親,"網路漫改, 浪漫喜劇",Hong Bo-hui,8.2
2022,13,2,Twenty Five Twenty One,二十五，二十一,浪漫,Jung Jee-hyun,8.7
2022,13,2,Twenty Five Twenty One,二十五，二十一,浪漫,Kwon Do-eun,8.7
2022,13,4,Forecasting Love and Weather,氣象廳的人們：社內戀愛殘酷史篇,"浪漫, 喜劇",Kang Eun-kyung,7.1
2022,13,5,Thirty-Nine,三十九,浪漫,Yoo Young-a,7.7
2022,13,5,Thirty-Nine,三十九,浪漫,Kim Sang-ho,7.7
2022,13,7,Juvenile Justice,少年法庭,"犯罪, 法庭",Hong Jong-chan,8
2022,13,7,Juvenile Justice,少年法庭,"犯罪, 法庭",Kim Min-seok,8
2022,13,9,The Cursed,謗法,"懸疑推理, 驚悚, 恐怖",Yeon Sang-ho,7.1
2022,14,1,Business Proposal,社內相親,"網路漫改, 浪漫喜劇",Park Seon-ho,8.2
2022,14,1,Business Proposal,社內相親,"網路漫改, 浪漫喜劇",Han Sul-hee,8.2
2022,14,1,Business Proposal,社內相親,"網路漫改, 浪漫喜劇",Hong Bo-hui,8.2
2022,14,10,Black Dog,Black Dog,劇情,Hwang Joon-Hyuk,7.8
2022,14,10,Black Dog,Black Dog,劇情,Park Joo-yun,7.8
2022,14,2,Twenty Five Twenty One,二十五，二十一,浪漫,Jung Jee-hyun,8.7
2022,14,2,Twenty Five Twenty One,二十五，二十一,浪漫,Kwon Do-eun,8.7
2022,14,3,Forecasting Love and Weather,氣象廳的人們：社內戀愛殘酷史篇,"浪漫, 喜劇",Kang Eun-kyung,7.1
2022,14,4,Thirty-Nine,三十九,浪漫,Yoo Young-a,7.7
2022,14,4,Thirty-Nine,三十九,浪漫,Kim Sang-ho,7.7
2022,14,8,Juvenile Justice,少年法庭,"犯罪, 法庭",Hong Jong-chan,8
2022,14,8,Juvenile Justice,少年法庭,"犯罪, 法庭",Kim Min-seok,8
2022,14,9,Crash Landing on You,愛的迫降,"浪漫, 喜劇",Park Ji-eun,8.7
2022,15,1,Business Proposal,社內相親,"網路漫改, 浪漫喜劇",Park Seon-ho,8.2
2022,15,1,Business Proposal,社內相親,"網路漫改, 浪漫喜劇",Han Sul-hee,8.2
2022,15,1,Business Proposal,社內相親,"網路漫改, 浪漫喜劇",Hong Bo-hui,8.2
2022,15,10,Juvenile Justice,少年法庭,"犯罪, 法庭",Hong Jong-chan,8
2022,15,10,Juvenile Justice,少年法庭,"犯罪, 法庭",Kim Min-seok,8
2022,15,2,Twenty Five Twenty One,二十五，二十一,浪漫,Jung Jee-hyun,8.7
2022,15,2,Twenty Five Twenty One,二十五，二十一,浪漫,Kwon Do-eun,8.7
2022,15,3,Forecasting Love and Weather,氣象廳的人們：社內戀愛殘酷史篇,"浪漫, 喜劇",Kang Eun-kyung,7.1
2022,15,5,Thirty-Nine,三十九,浪漫,Yoo Young-a,7.7
2022,15,5,Thirty-Nine,三十九,浪漫,Kim Sang-ho,7.7
2022,15,7,Tomorrow,還有明天,"網路漫改, 奇幻",Kim Tae-yun,7.2
2022,15,8,Black Dog,Black Dog,劇情,Hwang Joon-Hyuk,7.8
2022,15,8,Black Dog,Black Dog,劇情,Park Joo-yun,7.8
2022,15,9,Our Blues,我們的藍調時光,劇情,Noh Hee-kyung,8.1
2022,16,1,Business Proposal,社內相親,"網路漫改, 浪漫喜劇",Park Seon-ho,8.2
2022,16,1,Business Proposal,社內相親,"網路漫改, 浪漫喜劇",Han Sul-hee,8.2
2022,16,1,Business Proposal,社內相親,"網路漫改, 浪漫喜劇",Hong Bo-hui,8.2
2022,16,2,Twenty Five Twenty One,二十五，二十一,浪漫,Jung Jee-hyun,8.7
2022,16,2,Twenty Five Twenty One,二十五，二十一,浪漫,Kwon Do-eun,8.7
2022,16,4,Thirty-Nine,三十九,浪漫,Yoo Young-a,7.7
2022,16,4,Thirty-Nine,三十九,浪漫,Kim Sang-ho,7.7
2022,16,5,Our Blues,我們的藍調時光,劇情,Noh Hee-kyung,8.1
2022,16,6,Tomorrow,還有明天,"網路漫改, 奇幻",Kim Tae-yun,7.2
2022,16,7,Forecasting Love and Weather,氣象廳的人們：社內戀愛殘酷史篇,"浪漫, 喜劇",Kang Eun-kyung,7.1
2022,16,9,Black Dog,Black Dog,劇情,Hwang Joon-Hyuk,7.8
2022,16,9,Black Dog,Black Dog,劇情,Park Joo-yun,7.8
2022,17,1,Business Proposal,社內相親,"網路漫改, 浪漫喜劇",Park Seon-ho,8.2
2022,17,1,Business Proposal,社內相親,"網路漫改, 浪漫喜劇",Han Sul-hee,8.2
2022,17,1,Business Proposal,社內相親,"網路漫改, 浪漫喜劇",Hong Bo-hui,8.2
2022,17,2,Twenty Five Twenty One,二十五，二十一,浪漫,Jung Jee-hyun,8.7
2022,17,2,Twenty Five Twenty One,二十五，二十一,浪漫,Kwon Do-eun,8.7
2022,17,5,Our Blues,我們的藍調時光,劇情,Noh Hee-kyung,8.1
2022,17,7,Tomorrow,還有明天,"網路漫改, 奇幻",Kim Tae-yun,7.2
2022,17,8,Thirty-Nine,三十九,浪漫,Yoo Young-a,7.7
2022,17,8,Thirty-Nine,三十九,浪漫,Kim Sang-ho,7.7
2022,17,9,Forecasting Love and Weather,氣象廳的人們：社內戀愛殘酷史篇,"浪漫, 喜劇",Kang Eun-kyung,7.1
2022,17,10,Love (ft. Marriage and Divorce),婚詞離曲,劇情,Im Sung-han,6.6
2022,18,4,Our Blues,我們的藍調時光,劇情,Noh Hee-kyung,8.1
2022,18,5,Business Proposal,社內相親,"網路漫改, 浪漫喜劇",Park Seon-ho,8.2
2022,18,5,Business Proposal,社內相親,"網路漫改, 浪漫喜劇",Han Sul-hee,8.2
2022,18,5,Business Proposal,社內相親,"網路漫改, 浪漫喜劇",Hong Bo-hui,8.2
2022,18,6,Twenty Five Twenty One,二十五，二十一,浪漫,Jung Jee-hyun,8.7
2022,18,6,Twenty Five Twenty One,二十五，二十一,浪漫,Kwon Do-eun,8.7
2022,18,7,Tomorrow,還有明天,"網路漫改, 奇幻",Kim Tae-yun,7.2
2022,18,8,My Liberation Notes,我的出走日記,劇情,Kim Sok-yun,8.7
2022,18,8,My Liberation Notes,我的出走日記,劇情,Park Hae-young,8.7
2022,18,10,Love (ft. Marriage and Divorce),婚詞離曲,劇情,Im Sung-han,6.6
2022,19,4,Our Blues,我們的藍調時光,劇情,Noh Hee-kyung,8.1
2022,19,5,Twenty Five Twenty One,二十五，二十一,浪漫,Jung Jee-hyun,8.7
2022,19,5,Twenty Five Twenty One,二十五，二十一,浪漫,Kwon Do-eun,8.7
2022,19,6,Business Proposal,社內相親,"網路漫改, 浪漫喜劇",Park Seon-ho,8.2
2022,19,6,Business Proposal,社內相親,"網路漫改, 浪漫喜劇",Han Sul-hee,8.2
2022,19,6,Business Proposal,社內相親,"網路漫改, 浪漫喜劇",Hong Bo-hui,8.2
2022,19,7,My Liberation Notes,我的出走日記,劇情,Kim Sok-yun,8.7
2022,19,7,My Liberation Notes,我的出走日記,劇情,Park Hae-young,8.7
2022,19,8,Tomorrow,還有明天,"網路漫改, 奇幻",Kim Tae-yun,7.2
2022,20,2,Our Blues,我們的藍調時光,劇情,Noh Hee-kyung,8.1
2022,20,6,Tomorrow,還有明天,"網路漫改, 奇幻",Kim Tae-yun,7.2
2022,20,7,My Liberation Notes,我的出走日記,劇情,Kim Sok-yun,8.7
2022,20,7,My Liberation Notes,我的出走日記,劇情,Park Hae-young,8.7
2022,20,8,Twenty Five Twenty One,二十五，二十一,浪漫,Jung Jee-hyun,8.7
2022,20,8,Twenty Five Twenty One,二十五，二十一,浪漫,Kwon Do-eun,8.7
2022,20,9,Business Proposal,社內相親,"網路漫改, 浪漫喜劇",Park Seon-ho,8.2
2022,20,9,Business Proposal,社內相親,"網路漫改, 浪漫喜劇",Han Sul-hee,8.2
2022,20,9,Business Proposal,社內相親,"網路漫改, 浪漫喜劇",Hong Bo-hui,8.2
2022,21,3,Our Blues,我們的藍調時光,劇情,Noh Hee-kyung,8.1
2022,21,4,My Liberation Notes,我的出走日記,劇情,Kim Sok-yun,8.7
2022,21,4,My Liberation Notes,我的出走日記,劇情,Park Hae-young,8.7
2022,21,5,Tomorrow,還有明天,"網路漫改, 奇幻",Kim Tae-yun,7.2
2022,21,7,Twenty Five Twenty One,二十五，二十一,浪漫,Jung Jee-hyun,8.7
2022,21,7,Twenty Five Twenty One,二十五，二十一,浪漫,Kwon Do-eun,8.7
