id,title,content,gender,topics,school,likeCount,commentCount,createTime,forum
238935994,#詢問 單身即地獄 賢中 藝媛 是不是在一起啦？！,"https://www.dcard.tw/v2/vivid/videos/1548871f-3c55-408d-8fbc-54a0e7d2df67?r=2.1621621621621623
之前被藝媛圈粉就有在follow 她的ig
今天看到他跟賢中互動超親密！不會是在一起了？！
https://sticker-assets.dcard.tw/images/c4c9a34e-a3fa-49c6-bf25-44a518f5543c/orig.png
請卡友幫忙看看是不是
看不懂韓文🥲
https://sticker-assets.dcard.tw/images/0213dbb3-5b5a-4fbd-9852-38b510c78f86/orig.png",F,,國立臺南大學,106,15,2022-05-19T16:29:02.850Z,netflix
238935852,#閒聊  關於單身即地獄！,"第一次發文請見諒
有在追蹤一些第一季的男女主角
想問一下金賢中和安藝媛是不是在一起了？

https://i.imgur.com/AYat1Dt.jpg",F,,台南應用科技大學,51,13,2022-05-19T16:14:18.240Z,netflix
238591218,#分享 《單身即地獄》第二季確定開拍！,"不知道會不會有宋智雅？
https://www.msn.com/zh-tw/entertainment/news/%E3%80%8A%E5%96%AE%E8%BA%AB%E5%8D%B3%E5%9C%B0%E7%8D%84%E3%80%8B%E7%AC%AC%E4%BA%8C%E5%AD%A3%E9%96%8B%E6%8B%8D%E7%A2%BA%E5%AE%9A%EF%BC%81%E5%AE%98%E6%96%B9%E9%A0%90%E5%91%8A%E3%80%8C%E5%85%A7%E5%AE%B9%E6%9B%B4%E7%81%AB%E8%BE%A3%E3%80%8D/ar-AAW708z",F,,香香,6,2,2022-04-12T04:31:50.914Z,netflix
238522533,#閒聊 單身即地獄 芝勳cp,"剛剛看到世勳上傳一支影片
裡面有一幕
https://i.imgur.com/uGHMPpf.jpg
17：14那邊
世勳是在討親親嗎
照片可能看不清楚
但是影片超明顯的
太可愛了吧
我們小廚子一定要加油啊",F,,國立臺南大學,816,42,2022-04-03T16:56:39.955Z,netflix
238434270,#分享 “單身即地獄”宣布製作第二季！,"以下附上連結🔗
https://n.news.naver.com/entertain/article/052/0001717467

不知道大家有看第一季嗎？
個人很喜歡藝媛～～～
期待第二季😽
https://i.imgur.com/uBIic4N.jpg
https://i.imgur.com/gBILlDy.jpg",F,,🐻,386,20,2022-03-24T04:51:53.161Z,netflix
238067190,#詢問 #單身即地獄封面的女生是誰,"已經看完單身即地獄一段時間
今天突然發現封面綠色洋裝的女生好像沒出現？還是是芝燕？又好像不太像
求解
https://i.imgur.com/FnF80wS.jpg",F,,逢甲大學,141,33,2022-02-07T15:32:19.554Z,netflix
238059323,#詢問 #問 Black pink 單身即地獄 Netflix,"Netflix
Black pink 的電影
Jennie的健身教練是單身即地獄的藝媛嗎",F,,臺北市立大學,28,3,2022-02-06T15:29:07.668Z,netflix
238041946,#分享 單身即地獄 世勳採訪 芝世cp發糖啦！,"—更新—
剛剛世勳yt出QA
有人問了跟芝燕QA類似的問題
選芝燕 秀敏還是敏知
https://i.imgur.com/mqZzjzc.jpg
世勳說 當然是芝燕！！！
https://i.imgur.com/Mp6z5uO.jpg
啊啊啊啊啊啊啊啊啊啊啊啊啊
—
不知道有沒有人跟我一樣有事沒事會去芝世兩人的被標註看有沒有新料🤣
今天被我看到了 有一個好像是韓國記者採訪了世勳一個小時的採訪
片頭整個大撒糖啊
請世勳用申芝燕做三行詩 
https://i.imgur.com/ZgbUhuZ.jpg
OMG!!!!!! 
https://i.imgur.com/6gPAzat.jpg
這是我被閃光閃得很開心的表情嗎完美詮釋哈哈

想看更多B站有中字哦！打文世勳就找得到了～
我嗑他們嗑到想創群組討論他們 我是不是瘋了🤣
懶人包21:30 採訪人問世勳之後如果要給子女看
世勳回答已經是官宣了啊啊啊啊
—————
社群已經創好囉～
有設定簡單的問題 歡迎大家一起進來❤️
大家三個問題都要回答正確哦
忘記的給我回去看第八集！
-
社群人數目前已滿 我當初想說小群討論就好
大家可以先申請 如果有幽靈人口會再放新的人進來
謝謝大家支持지세（？

您已被邀請加入「芝世大旗搖起來！！」！請點選以下連結加入社群！
https://line.me/ti/g2/fpFONa0eHCJwnVB6Nr7OwQJO0Ul3Zlzsv-v0LQ?utm_source=invitation&utm_medium=link_copy&utm_campaign=default",F,,文藻外語大學,1292,76,2022-02-04T03:02:51.829Z,netflix
237972857,#分享 單身即地獄 世勳,在結尾中，世勳終於跟自己的愛人配對成功，也印証了持之以恆那句話，耽我覺得現實世界絕對不能這樣做，只會讓對方覺得很煩而已，甚至會非常討厭你，他會成功是因爲他帥，本身有優勢，一般人真的不能隨便亂學。,M,,逢甲大學,629,37,2022-01-24T17:17:24.557Z,netflix
237951100,#分享 單身即地獄 芝士cp發糖,"https://i.imgur.com/kqWGMxP.jpg
https://i.imgur.com/zi9ZZxg.jpg
https://i.imgur.com/VhJqKoi.jpg

芝燕最新發的YouTube影片
狠狠地發了糖⁄(⁄ ⁄ ⁄ω⁄ ⁄ ⁄)⁄

芝燕選了幾題網友的問題來做Q&A
刻意擺在最後一題的是「若要選擇吳振澤、文世勳、崔時訓在外見面你會選擇哪一位」
芝燕還很調皮的回答「不是吳振澤…是世勳歐巴」
然後微微的傻笑  ⁄(⁄ ⁄ ⁄ω⁄ ⁄ ⁄)⁄

看到網路上有人說這個糖遠比世勳偷偷地
秒讚芝燕的每一篇IG貼文還有效🤣🤣🤣

我是覺得自己主動把這個問題納入來回答
不是在曖昧期 就是為了流量吧🤣🤣😅😅
（希望是前者！！🥺🥺但也確定他們目前是很友好的關係啦！）
不知道大家怎麼看芝燕今天的舉動呢

（圖片截圖自芝燕的影片 歡迎自行到YouTube觀看完整版影片！）
https://youtu.be/nonvFS1nYoE",F,,國立政治大學,1377,41,2022-01-21T17:39:24.985Z,netflix
237942825,#閒聊 #雷 單身即地獄 安藝媛feat車炫承youtube問答 #更新 懶人包,"看完單身即地獄後真的好喜歡藝媛💕
雖然畫面好少但能感受到她鬼靈精怪的活力跟可愛的個性
馬上追蹤了她的IG🔍yeah.w__
前幾天看到她po了跟車炫承一起拍youtube
回答大家對於單身即地獄的問題
包括節目結束後她有沒有交往🤫
還有跟巧克力互相問答的部分🤩🤩🤩
（建議看完全集再看喔，不然有雷）
https://i.imgur.com/D4dl95U.jpg

https://youtu.be/Kxq_Oh4Y1GI

不會韓文也沒關係，有英文CC字幕
大概藝媛說自己為什麼會參加節目，還有過程怎麼適應
前面都是藝媛回答網友問題
8:00開始是藝媛x炫承聊天+互相問答
原本期待會問什麼曖昧問題...

https://i.imgur.com/VHQGkoO.jpg
結果藝媛問這什麼如果你跟智雅在泡按摩浴缸的時候你開始脫皮會怎樣🤣🤣🤣

後面就不爆雷了，大家自己看～～～
ʕ•̫͡•ʕ•̫͡•ʔ•̫͡•ʔ•̫͡•ʕ•̫͡•ʔ•̫͡•ʕ•̫͡•ʕ•̫͡•ʔ•̫͡•ʔ•̫͡•ʕ•̫͡•ʔ•̫͡•ʔ
更新
發現讓大家誤會我的“爆雷”了(( ༎ຶ ◡︎༎ຶ)
我說的暴雷是指“這篇文章”有討論到原劇情發展啦 
怕還沒有看完劇的人被雷到(◞‸◟ㆀ)
既然讓大家誤會了
那、那....我就爆雷YouTube內容吧！
https://i.imgur.com/sPgcroX.jpg
是的 藝媛問完脫皮問題後終於問了我們想聽的
：你怎麼沒選我去天堂島(੭ु ‾᷄ᗣ‾᷅ )੭ु⁾⁾
（表情我自己加的 那我的心情）
https://i.imgur.com/fWU1ZZy.jpg
炫承：因為那時候我以為你跟俊植在一起
藝媛：所以是我的錯嗎！(ᵒ̴̶̷᷄൧̑ ᵒ̴̶̷᷅    )（這也我自己加的）
炫承：我可以跟大家說為什麼我這樣認為嗎֊  ̫ ֊
藝媛：！！Σ(°Д°）雖然不知道你要說什麼，但還是不要好了
炫承：這就是為什麼我不確定（妳對我的感覺）！
藝媛：好啦知道了

可惡我好想知道😂😂😂 應該是她跟俊植的互動吧（不管是跟炫承還是俊植的CP我都可以）

後面藝媛有解釋（？她跟俊植的關係
影片最前面她自己部分也有說到她跟俊植節目後沒有交往
從島上回來後各自忙自己的生活跟工作
有聯繫但就是好朋友

炫承問藝媛跟俊植去天堂島👇🏻
https://i.imgur.com/SsYFPmF.jpg
藝媛：我們（跟俊植）在天堂島其實沒有討論戀愛/感情的話題，我們就是朋友（俊植進入friend zone）
藝媛：我是需要長時間相處後才能談感情的人
這也是為什麼我在節目中的畫面不多的原因

前面藝媛也有提到自己不是很習慣在短時間內吸引異性、全力施展魅力的人
https://i.imgur.com/p7Al3Z8.jpg
網友們好奇當巧克力沒有選她的時候她有沒有很失望
藝媛說因為當時沒有很期待所以還好
她真的單純是去玩樂的（沒有很放心思在談感情上面）

還有說到藝媛會去參加節目是因為節目組說在海邊可以一直游泳，還有很多遊戲
說感覺很好玩所以就去了🤣
在島上九天也就是做自己，開心玩、交朋友這樣

藝媛：當時你去天堂島前在帳篷內說在考慮兩個人，是誰呢？
https://i.imgur.com/uxuJGVp.jpg
炫承：另一個是妳，原本跟智雅去完天堂島後想找你聊聊
那時候大家都關心我跟智雅如何，但妳的反應卻是：哎唷！你一定玩得很開心喔！
（感覺對我沒意思只是把我當朋友）
藝媛：ꉂꉂ◟(˃᷄ꇴ˂᷅ ૂ๑)༡л̵ʱªʱª✧˖°""

再來換炫承問藝媛：如果你贏了帽子比賽
你會選誰去天堂島呢
這次換你兩難了😏
https://i.imgur.com/o71NLAW.jpg
藝媛：如果你很喜歡智雅，那我就還是選俊植一起去，如果你對我有一點點意思我就會選你
我跟你不一樣ฅʕ◍·̀·́◍ʔฅ
https://i.imgur.com/JK1I66g.jpg
炫承：好啦好啦我錯了，我來這邊拍道歉影片
藝媛：ꉂꉂ◟(˃᷄ꇴ˂᷅ ૂ๑)༡л̵ʱªʱª✧˖°""

我覺得他們好可愛感覺空氣中有一點點🤏曖昧
肢體互動也很自然頻繁（倒肩膀、拍手臂之類的
真香😚😚😚

後來炫承問了藝媛對所有男生的感覺
原本藝媛要先講他，他說要壓軸
對其他男生的感覺大概就是人很好、很成熟、很照顧人之類的
講著講著....差點就漏掉我們炫承啦🤣
https://i.imgur.com/RUfXpRv.jpg
炫承：你看她根本不在乎我！(⑉･̆⌓･̆⑉)
藝媛的回答是說他很好相處👍🏻

哎呀～看兩個人鬥嘴真的好可愛🥰（全程姨母笑

最後就是炫承感謝藝媛過去找他
距離很遠這樣
https://i.imgur.com/jsqm17z.jpg
說下次回去釜山找藝媛
https://i.imgur.com/r8RqqJZ.jpg
炫承：我會想跟你更常見面，下次去找你
藝媛：（伸出小拇指要打勾勾）你保證喔！
炫承：保證💮

😍😍😍😍😍😍（內心小宇宙噴發）

ʕ•̫͡•ʕ•̫͡•ʔ•̫͡•ʔ•̫͡•ʕ•̫͡•ʔ•̫͡•ʕ•̫͡•ʕ•̫͡•ʔ•̫͡•ʔ•̫͡•ʕ•̫͡•ʔ•̫͡•ʔ

雖然在劇中藝媛鏡頭好少
但只要她出場就好有魅力好可愛
（還有她的翹臀超性感🍑）
像是所有人的好朋友
關心大家的感情也會給建設性的意見
真的希望她可以有幸福的感情*(ˊωˋ*)و
不管是不是跟炫承在一起
當然還有我們的島主🤣

真的滿喜歡這部的
一開始以為跟too hot to handle 一樣
（只有看第一季，還一路快轉後來就放棄了）
沒想到這部好多讓人緊張又感動的部分
連男友都一直在電視前少女尖叫 (⸝⸝⸝ᵒ̴̶̷̥́ ᴗ ᵒ̴̶̷̣̥̀⸝⸝⸝).ᐟ .ᐟ .ᐟ
或是打抱不平
（就是巧克力沒選藝媛那邊(੭ु ‾᷄ᗣ‾᷅ )੭ु⁾⁾ 
兩個吃瓜群眾超入戲୧ʕ•̀ᴥ•́ʔ୨

最後放上超可愛的放電⚡️藝媛🥰🥰🥰

https://i.imgur.com/EBkgWNU.jpg

https://i.imgur.com/rkCHNe1.jpg

Bye~Bye💕",F,,芋頭跟貓貓ʕ•̫͡•ʔ,1322,45,2022-01-20T15:53:16.764Z,netflix
237942668,#閒聊 欲罷不能跟單身即地獄哪個好看,"如題
想問問看大家對於這兩部戲的想法
因為大家說單身即地獄就是韓版的欲罷不能
我自己兩個都有看
大家比較喜歡哪一個呢😆
可以說出喜歡的點跟不喜歡的點大家來討論～

欲罷不能3
https://i.imgur.com/ZJtlErR.jpg


單身即地獄
https://i.imgur.com/nQojkDl.jpg",F,,淡江大學,87,80,2022-01-20T15:31:21.384Z,netflix
237939863,#分享 看了單身即地獄真的不哈宋智雅欸,"更/
結果潑了之後才發現大家超討厭素妍的個性欸？
但我真的覺得還好，他感覺只是太認真看待曖昧，放比較重而已
跟世勳吵架的部分她是真的處理的不太好，但反而覺得他是很直率的個性？沒想太多就講出她的想法
看網路上評論竟然還有說她綠茶🍵
嗯？？？？反正我是沒感覺啦

不過話說我只有提素妍，其實也很喜歡鏡頭很少的藝媛，原本以為他很難相處，結果她人超好的感覺欸 很開朗
但鏡頭真的好少好少嗚嗚
https://i.imgur.com/2p8mB80.jpg

正文/
因為迪卡上一堆人在瘋宋智雅 想說去看一下到底在瘋什麼
看完就覺得 還好吧 
https://i.imgur.com/3KRtKdl.jpg

明明姜素妍那類的自然美女好看多了
https://i.imgur.com/mUgHSTw.jpg",F,,國立雲林科技大學,1191,229,2022-01-20T09:11:55.368Z,netflix
237939414,#閒聊 只有我覺得單身即地獄,"好啦不要這樣(´･ω･`)
我先自嘲我自己
https://i.imgur.com/LUW2gyo.jpg
只有我覺得藝媛長得有像愛莉莎莎嗎🤣
世勳一直有種栗子頭既視感（餐廳老闆的關係嗎

考完試跑來看的感覺",F,,國立中興大學,176,47,2022-01-20T08:01:47.363Z,netflix
237935946,#心得 單身即地獄心得 #場外雷,"我覺得很蠻有趣的
因為蠻明顯不是綜藝節目基本都是set好的
但製作單位算蠻用心策劃的
裡面的演員底細都蠻難查 連生日都查不到
IG也幾乎是新創立
連拍工作那邊都假假的😂
帶鏡頭的時候鏡頭的特寫都能抓到該抓的
特寫都是很近很清楚 拉遠也看不到攝影機
而且訂那種總統套房應該很難訂吧 
怎麼知道每次會有幾組配對成功 不是set的話應該會嚴重虧損
就連用假貨刻意營造白富美形象也很酷

做成這種新題材覺得很有趣～
大家不用太認真 看看就好
目前看到第三集後面有心得再補上😁
-
剛剛去爬文才發現
好像很多老韓粽粉都知道都有劇本
我是第一次加入這個領域 因為這部討論度真的好高
好酷 原來大家都是一種你騙我我愛看的那種感覺😂",F,,荌荌,25,3,2022-01-19T17:42:24.133Z,netflix
237926825,#分享 單身即地獄 芝士CP限時PO出同品牌,"https://i.imgur.com/yEluxNj.jpg
https://i.imgur.com/0PulqY0.jpg
芝燕IG的限時跟世勳IG的限時，兩人不約而同都曬出相同品牌，是有後續可以看嗎？我已經姨母笑了",M,,一路走來,728,30,2022-01-18T14:25:37.223Z,netflix
237924986,#閒聊 單身即地獄 有蒼蠅,https://megapx-assets.dcard.tw/videos/b3c6d36f-36e7-436a-ac2c-ac84c1482427/orig,M,,Q餅,99,16,2022-01-18T09:46:01.399Z,netflix
237918774,#詢問 #請益 單身即地獄 男生的墨鏡,"如題，每個男生的墨鏡都好帥好好看唷
有人知道哪裡買的到嗎～",M,,中國文化大學,5,1,2022-01-17T12:46:05.324Z,netflix
237917983,"#分享 ""單身即地獄""宋智雅 名牌假貨爭議道歉手寫信","https://i.imgur.com/h0y52h9.jpg
【韓國日報】17日下午，""單身即地獄""宋智雅通過Instagram發布假冒奢侈品相關事件道歉信，全文如下：

 大家好，我是宋智雅。

 首先，向所有因為我而感到失望和受到傷害的人表示誠摯的歉意，在此對引發爭議的假冒奢侈品相關報導內容公開真相。

 最近報導中對我在""單身即地獄""節目中穿的一些衣服存在爭議。 報導中指出的假冒服裝中，一部分確實是假冒，我真的很抱歉。

 對於因侵犯設計師創作和無視版權而發生的一切情況，我再次深表歉意。

 作為一個有創建品牌夢想的人，我會對引發爭議部分提高自我認識並深刻反省。

 以後，我會更加註意並仔細研究，以免出現這種情況。 所有假冒服裝公開的相關內容已被刪除。 向任何因我而受到傷害的品牌道歉。

 向因我而受到傷害的粉絲、訂閱者、品牌負責人等所有人表示誠摯的歉意，今後我會增強自己的責任心,認真做好每一件事。

 感謝大家耐心閱讀。


假貨整理
https://i.imgur.com/G8xqpuY.jpg
https://i.imgur.com/z9kZTGB.jpg
https://i.imgur.com/8CO95Di.jpg
https://i.imgur.com/jAFlGOK.jpg
https://i.imgur.com/6mEHiPz.jpg
https://i.imgur.com/MjpupZy.jpg",F,,亞洲大學,297,46,2022-01-17T10:59:11.317Z,netflix
237898773,#雷 #雷 《單身即地獄》哪個場面最讓你心動？,"https://i.imgur.com/AIVumEL.jpg

相信大家都已聽說過最近話題度100分的戀愛實境秀《單身即地獄》。

節目內容即是將一群「根本不需要擔心他們是否找得到對象」的帥哥辣妹放生在「地獄島」上，只有雙方配對成功才能到「天堂島」上享受高級飯店裡的浪漫約會。

-
1.女王氣場全開：姊是食物鏈頂層
在《單身即地獄》裡，討論度最高的就是貴氣千金——宋智雅。當她初登場時，身穿名牌洋裝緩緩走下階梯，看起來又酷又拽，並不是那麼好親近。

智雅很清楚自己的形象比較有距離感，所以會主動找男生搭話，反而讓男生們有種受女神青睞的錯覺。而她在和異性對話時會直勾勾的看著對方眼睛，一邊捂著嘴歪頭微笑，女性魅力爆棚。	

https://i.imgur.com/RnDG818.jpg


2.埋梗式曖昧：「歐巴？」
不知道大家有沒有發現，智雅對男生說的那些話，有很多都是刻意埋下的梗，等待異性上鉤。

初到地獄島時，智雅被男生們詢問理想型是什麼樣的人。她說：年紀比我大的歐爸。

接著到了要互相寫信給心儀對象的環節時，一般剛認識的男女都很客套的寫著：「很高興認識你。」還要害羞匿名。

智雅偏偏不，反而在給對方的信上寫著：歐巴？
一方面暗示男生，對方是她的理想型，一方面又刻意透露寫信的人是她。

到了節目的中後段，地獄島上又來了一名巧克力腹肌男——炫承。
炫承又再次詢問了智雅的理想型，這時候她的答案居然變了：「性感又溫柔」的人。當炫承繼續追問智雅對自己的初印象時，智雅湊近男生的耳邊，輕輕的說了句：很性感。

https://i.imgur.com/5yunx7i.png


3.超自信的直球對決：「心動了嗎？歐巴？」
當智雅女王和idol男時訓到天堂島約會時，時訓早就暈到不行，一直狂稱讚她：好漂亮、好漂亮。通常聽到有人這麼直球表白，多少都會有點不好意思。

但智雅完全不害羞，不避諱地盯著時訓微笑著說：「這樣就可愛嗎？那你以後會被我迷暈的。」這口吻真是又奶又性感。

https://i.imgur.com/QhtpCJB.png

-
最後想詢問大家，在《單身即地獄》裡大家最喜歡哪位成員呢？

我個人很喜歡芝燕，外表看似柔弱卻很有自己的想法。會對喜歡的人全力以赴，也會把控好跟異性間的距離。再來，我也很愛敏知，雖然是臭臉girl，但也是大膽追愛派，還意外的有反差萌。

結果，在實境秀裡這些正妹都變成壁花，我心痛～

https://i.imgur.com/yvVTODP.png
https://i.imgur.com/OqylKiR.png

歡迎來IG加入討論《單身即地獄》：
https://www.instagram.com/p/CYtk4xdv3UE/
https://i.imgur.com/0hxmYh5.png

有許多長篇影評的FB:
https://www.facebook.com/notmoviereview/",F,,這不是影評,113,19,2022-01-14T14:42:30.707Z,netflix
237890506,#分享 🔥單身即地獄🔥探店-世勳廚子的餐廳👨‍🍳,"大家好我是思思👸🏻
我今晚去了世勳大廚的餐廳啦！
https://i.imgur.com/sysskwk.jpg
第一次在節目上看到他在地獄島下廚的樣子 
就覺得他很有廚師的樣子哈哈哈
結果還真的是位廚師！而且菜色真的不錯😋
https://i.imgur.com/TkUMX4S.jpg
-
我是晚上來的 店裡很有氣氛！
上菜時店員會解說要怎麼吃🍾️
https://i.imgur.com/JVQ8Htm.jpg
-
我們點的鮭魚班尼迪克蛋 一顆13000 兩顆25000
豬頸肉芝麻葉青醬的義大利麵 24000
https://i.imgur.com/DFNz3gG.jpg

這個蛋蛋切下去超療癒 上面是撒起司粉 
整體口感很清爽 是酪梨跟鮭魚的搭配🥑
上面還有一點魚子醬跟芥末超級好吃！！！

https://www.dcard.tw/v2/vivid/videos/a56d1869-b969-4410-8ce7-ebcf82753298?r=1.7777777777777777

豬頸肉的義大利麵 旁邊紅紅的醬是平常吃韓式烤肉會沾的蝦醬！ 我覺得拌著吃更好吃
豬頸肉鹹度調味剛好🐷
平常不吃肥肉的人建議跟朋友一起分食豬頸肉的部分！ 
https://www.dcard.tw/v2/vivid/videos/055ee4cb-888d-432e-9fd8-1c0fec79f20f?r=1.7777777777777777
-
廁所有超多洗手液哈哈哈🤣
https://i.imgur.com/jq4B2sR.jpg
出來還有護手乳👋 很香很香
https://i.imgur.com/WER2uFY.jpg


最可惜的是沒有看到世勳老闆本人
（我在節目真的綜合最喜歡他 因為好專情 能力也很好的感覺 不過賢中也是很帥😚）
他的店我真的強推的！東西真的好吃
大家也可以來小酌點酒（但我本人不太喝那麼多酒沒有點了😭）
-
幸好在播完單身即地獄完結篇之前 
先預約了文世勳廚子的餐廳哈哈哈
現在預約的話都要等到二月後了！ ！！
https://i.imgur.com/GARbk09.jpg
（希望後面是世勳👩‍🍳的說😭😭😭遺憾）
https://i.imgur.com/FnqCof3.jpg
店內還是很好拍的 晚上氣氛燈～
-
預約在Naver 上搜尋🔍 온리고 預約就行了！
https://i.imgur.com/AsmoSZu.jpg
———— 온리고 Only Go —————
📍 서울 강남구 신사동 628-39 웅빌딩 1층 101호
🚇압구정역 3번 狎鷗亭站三號出口
⏰11:00～22:00 
-
謝謝看完這篇文的大家❤️
希望以後沒有疫情後大家也可以來吃吃看😜
IG:01_L
https://www.instagram.com/01_l/
也可以來instagram 看我更多的韓國生活🇰🇷❤️",F,,思思쓰쓰,1716,24,2022-01-13T12:13:58.338Z,netflix
237890005,#雷 #討論《單身即地獄》裡最有感的七個場面！,"https://i.imgur.com/ALblOVT.jpg
一定要先為《單身》澄清，這部雖一直被打著「韓版欲罷不能」的稱號，但真的比《欲罷不能》有內涵多了🙂（想當初欲罷不能我只花了30分鐘就看完八集）

繼《換乘》後，沒想到又有一部韓綜能讓我看得如此目不轉睛（吃瓜群眾是我😌），因此再度列出七個特別有感的場面，並針對每一段寫下自己的一點感想，也歡迎也很有感的朋友可以一起在底下留言討論～！

🔸火辣辣的泳池畔約會
https://i.imgur.com/K71abBb.jpg
在開看前就已經被宋智雅的各種新聞洗版，小編差點有「這節目只有一個女生？」的錯覺，（事實上還有其他5位😇）宋智雅不是我的型，但這幕在泳池畔的約會，真的讓身為女生的我也被她迷住，不僅身材火辣，那個眼神⋯真的太會放電了～～～～！

可以想像有多少男生被她的眼神魅力所震懾住，時訓被迷得神魂顛倒的表情真的非常真實，很想叫他表情控管一下😂（全世界的觀眾都知道你迷上他了啦！）也因為這樣，對於他到最後依舊選擇智雅我也完全不意外，那晚對他衝擊肯定非常大，估計魂早就被吸走，就算後期有出現他的菜，短時間內要回來也是很難。

🔸「沒關係，我很擅長等待」
https://i.imgur.com/ub5IAri.jpg
宋智雅的討論度除了個人本身，在節目中著名的四角戀也很受矚目，前期在車炫承還未加入時，就一直屬賢中和時訓的戰場，即使時訓明白自己未佔上風，還是不斷的為自己製造機會，除表現出自己的心意外，在言語上也可以感受出很尊重女方的感受，展現出男人的氣度，關於這點我很慶幸也頗欣賞，雖只是錄節目，但在這麼敏感的時刻，其實很容易情緒一上來，表情或是言語就會難以控制，這點我就認為他比賢中做得還好。

🔸安藝媛
https://i.imgur.com/r0gpubY.jpg
本節目最愛的女生就屬她，雖沒有太多感情線，也很常沒被選擇，但很喜歡她的直率、樂觀以及不做作，尤其釜山口音真的太可愛！在節目中絕對是最沒感情困擾的一位，反而時常擔任軍師角色，為旁人解惑，清楚分析整個戀愛大局。

其實有時候覺得她跟我們的角色蠻像的，唯一差別是身處搖（戰）滾（場）區，如此real的性格，也難怪和她相處過一晚的金俊植隔天就馬上選擇她💛，最真心祝福的就這對，最後牽手的片段重複看了好幾次！希望在現實中能有更多的認識且往好的方向發展～

🔸素妍&世勳
https://i.imgur.com/deILpOq.jpg
素妍和世勳這段，相信大家肯定也和我一樣，在螢幕前狂捏冷汗，真不知道如果那時沒廣播，這局面要如何收拾⋯，這段對話也凸顯了節目在不自覺中給人多強大的焦慮感，在你來我往的對話中，只覺得這兩個人講話真的很「鬼打牆」，但當下的情緒卻又真實，光憑這段我就會相信這節目不是set好的。（總不可能腳本上寫：起爭執？）

可以感覺得出來兩人在節目中期都已出現疲累感，因此對任何情況和話語都會變得敏感，在這樣的狀況下，無論是說的這方或是聽的那方，忍受以及修飾度都會急劇下降，因此世勳為何會有點情緒崩潰，素妍講話為何會如此咄咄逼人，都是可以理解的。

🔸「我的選擇是⋯申芝燕」
https://i.imgur.com/7gvEiBE.jpg
這段約會邀請，絕對是《單身即地獄》的名⋯場⋯面！

世勳的始終如一真的太⋯驚⋯人⋯⋯⋯，這樣的反轉，真的比電視劇還好看⋯⋯，真的沒想到會在自己勝算近乎為零的狀態下，還做出這樣的選擇，這心理素質真的要很好。

世勳對愛情的鍥而不捨，無疑為許多一開始追愛不順的男女做了很好的示範，這段感情在最後也確實開花結果，這段逆轉戀愛也印證「相由心生」這句話，真的一點也沒錯啊！

🔸 「你應該也很難熬吧？」
https://i.imgur.com/9EeBt7b.jpg
在看到這段時，就能確定芝燕的心會情歸何處了～能在最後兩次約會就讓芝燕改變心意，「機會真的都是留給準備好的人」，許多小細節都能看出世勳的用心和貼心，在前期就積極透過其他男生的口中，記住芝燕所有對食物的喜好，在一開始也以最不給壓力的聊天方法，讓芝燕能放鬆做自己，並自始自終作為一個好的傾聽者，給芝燕很安定的力量（女生真的很需要這個～～）

如果說每段感情的建立，都會有一個關鍵時刻，這句話絕對是攻破芝燕心房的關鍵句。

🔸 「我就是要來談場火熱的戀愛，現在火已經點燃了」
https://i.imgur.com/NoS26hX.jpg
這對在結局還未公布前，就被傳已在穩交中的振澤&素妍，應該算是後期非常穩定及閃光「驚喜」不斷的一對，撇除前期兩人各自看了也讓人搖頭的游移不定，好在振澤在後期有主動整理了這段關係，講出他的真實感受，讓很是心急的素妍終於稍微確信了自己的方向，也確實對這段關係做出一些改變，而這個改變就不說有多麼令人臉紅心跳了😳，那個床伴邀約、親臉頰、按摩⋯⋯都太刺激啦～～～～～（其實根本還想看更多😉），看著極度合拍的兩人不禁會想⋯所以說世勳，你的自尊心根本是白受傷的啊！

🔸總結
最後想說，同於《換乘》，在後期加入的男女真的都還是吃虧了些，不知道是節目效果還是剛好大家時間真的兜不上，每每後期加入勝算都不太大阿～～～～好幾次都以為，難道真的要攻破了嗎？！才發現，原來人心真的難變啊🥲

最後的最後，還是要祝福天下有情人眷屬，希望大家不需要關在島上9天8夜，也能找到自己的soul mate，《單身即地獄》能教會你的，是魅力的使用，以及如何聊天😉（這太重要了），從中吸取日月精華後，就可以開始使用了🤙🏻

🔔更多影劇相關在：
https://instagram.com/ccc_movie?utm_medium=copy_link

（喜歡這篇文章的話記得按下追蹤鍵，可以即時獲更多影劇相關的新鮮事喔！）",M,,c哥c妹的影劇框🎥,614,19,2022-01-13T11:01:34.817Z,netflix
237885759,#無雷 《單身即地獄》手指🤌,"有人知道世勳的手指頭怎麼了嗎
好像食指一直都是彎的
沒辦法伸直的樣子
還是只有我注意到這個🤣🤣",F,,嘉南藥理大學,141,29,2022-01-12T19:03:32.747Z,netflix
237880701,#分享 無雷—單身即地獄,"https://i.imgur.com/gKWqgez.jpg
大家可以幫我找世勳手上的手環嗎，黑色的那個
🥺🥺🥺🥺🥺🥺🥺🥺🥺🥺",M,,國立臺灣體育運動大學,37,1,2022-01-12T07:04:43.473Z,netflix
237870172,#無雷 《單身即地獄》臉盲又發作,"除了大家公認
崔時訓 撞臉 展榮展瑞 讓我很出戲外
還看到一個熟面孔她成敏知
https://i.imgur.com/MPRdcIn.jpg
https://i.imgur.com/jv5jfGK.jpg
超像
https://i.imgur.com/XfFXYtJ.jpg
https://i.imgur.com/yYAPcSM.jpg

艾瑞絲的啊！

有沒有像？

然後我姊就說：還好吧~
她覺得車炫承才像…
https://i.imgur.com/6WM6kPD.jpg
…
https://i.imgur.com/5bDO0Hm.jpg

阿翰。",F,,靜宜大學,75,18,2022-01-10T19:23:11.137Z,netflix
237869025,#分享 韓國戀綜：單身即地獄的女成員小簡介（微雷）,"女成員（按照出場順序

1.申芝燕
https://i.imgur.com/C8INUxg.jpg
https://i.imgur.com/XebqDO9.jpg
https://i.imgur.com/kHKRX6q.jpg

芝燕的氣質真的很好,皮膚白皙且身高又高,真的是一位美麗的女孩~💖💖
當初雖然對世勳沒有感覺,但我覺得她的拒絕並沒有不禮貌,是很婉轉的,原本播出6集後我猜測結局她會選擇世勳,很多人來版上留言覺得不可能🤣 最後他們超自然的甜,我真的太開心了^_^
希望線下有在一起呀！

https://instagram.com/jiiiyeonie__?utm_medium=copy_link

2.姜素妍
https://i.imgur.com/gMdGMns.jpg
https://i.imgur.com/WkyP0bI.jpg
https://i.imgur.com/zwjYMw1.jpg
素妍姐姐真的很適合運動風的穿搭,是裡面運動細胞最好的女生,雖然她應該是網上被評論最多的,但我覺得剪接的問題也蠻大的,畢竟他們相處錄影的內容也不是全然播出,一定有很多相處的畫面我們觀眾不知道,後來她與振澤哥的感情狀況感覺蠻穩定,有網友有發現他們好像到現在都有在一起,真的希望他們幸福,期待官宣🥰💡

https://instagram.com/kangsoyeon__?utm_medium=copy_link

3.安藝媛
https://i.imgur.com/HoNyM5j.jpg
https://i.imgur.com/iggY8zp.jpg
https://i.imgur.com/YcMnS1w.jpg
藝媛鏡頭真的很少,我很喜歡她的呀~❤️
人美又愛笑,她身材很好的,快去ig追蹤起來^_^ 當時在節目上她與俊植真的很穩定的發展,希望線下還是好好的^_^

https://instagram.com/yeah.w__?utm_medium=copy_link

4.宋智雅
https://i.imgur.com/MT5ZGmp.jpg
https://i.imgur.com/gI1HlL5.jpg
https://i.imgur.com/fN4A9gk.jpg
智雅女王的氣場真的很有氣勢❤️
難怪擄獲那麼多男生的心,人美身材又好而且真的超會撩,身為女生都覺得害羞啦🥺🥺🥺 智雅的ig與yt真的必追👍
最後選擇時那句“走吧小狗狗”真的融化了
她跟賢中真的很般配,後來播出大結局後賢重有發一隻狗狗的限動,雖然不知道他與智雅到底發展的如何,但他們在2021夏天的那段緣份真的很感人,也希望如果有緣份能延續下去💡

https://instagram.com/dear.zia?utm_medium=copy_link

5.金秀敏
https://i.imgur.com/iVz1L4C.jpg
https://i.imgur.com/ObGh4CD.jpg
https://i.imgur.com/yZ1gCWr.jpg
秀敏一來就受了世勳的照顧,會比較喜歡世勳也是情有可原的,但後來知道世勳堅定的喜歡人了,也試著去多認識其他成員,可惜時訓也是堅定的偏愛智雅,最後秀敏失望的眼神真的太難過了,目前她應該是正往演員的方向走,希望未來發光發熱🌹

https://instagram.com/sumesume_?utm_medium=copy_link

6.成敏知
https://i.imgur.com/tGAK1ZL.jpg
https://i.imgur.com/3vqdQST.jpg
https://i.imgur.com/aPXukDc.jpg
敏知真的是美麗的冰山小公主🌸
可惜來的晚,但她知道世勳對芝燕的心意後還是堅定選擇世勳,這勇氣與堅定很respect^_^ 
今天限動上有發跟巧克力歐巴一起玩的動態,感覺後來跟大家也相處得很好
她一定會找到好男人的💖💖

https://instagram.com/im_min.vely?utm_medium=copy_link

很開心預測大結局時全猜對了,如果想看的話可以點進主頁看當時發的版唷！☺️
“單身即地獄”的成員們真的都很喜歡,有追蹤他們的ig繼續喜歡他們,如果有什麼後續發展消息會再更新~
歡迎下面留言討論你們最喜歡的女孩跟男孩💐

#單身即地獄 #neflex
#韓綜  #分享  #韓國節目 #戀愛綜藝",F,,Anna 0815,178,11,2022-01-10T15:54:06.572Z,netflix
237868078,#雷 單身即地獄：約會實境秀aka花式撞臉大會？,"本文文長且有大量個人主觀感受(對就是只有我覺得的那種)，請小心服用( •̀ ω •́ )✧

這部大概可以分成以下幾條CP線

1.智雅與賢中and時訓and炫承

當初就是因為社群軟體突然被鋪天蓋地的智雅洗版才開始追的，第一印象就是Jennie+員瑛的合體，不管長相還整個人散發的神秘氛圍都超像的

身為女生真心覺得智雅很懂得展現自己的魅力也很會撩人，每次跟男生聊天都只有短短幾句話就能讓對方死心塌地。雖然蠻多人批評她三心二意玩弄男生感情，不過只能說人正就是正義，她完全有選妃的本錢啊(❁´◡`❁)

長相來說個人站智賢派，但明顯看出後來加入的炫承對島上女生來說都更有魅力，追求女生方面也比賢中更主動積極，撩人功力不輸智雅，感覺最後智雅選擇賢中主要是出於一種戲棚下站久了、沒功勞也有苦勞的心態XD

展榮、啊不是、時訓是我本劇除了賢中外排名第二喜歡的，整個萌萌的有種弟弟感，一直默默跟在智雅旁邊的樣子比起賢中更像小狗狗🤣其實他在這部總共跟三個不同的女生去過天堂島，算起來應該是男生中排名第一的，根本隱藏版勝利組(?)

2.芝燕與時訓and振澤and世勳

芝燕給我的印象是很像Arin，清純透明的感覺，人氣在島上僅次於智雅，她跟智雅的穿搭都是看這部的一大享受(❁´◡`❁)

跟時訓這條線一下子就沒了。但其實她跟振澤走比較近的也就去天堂島那次，再之後就沒有進一步的發展(也可能是素妍沒給機會XD)。剩下島主世勳獨自苦戰，其實覺得他們最後發展蠻唐突的，芝燕在前面很明確的表現出對世勳不感興趣，第一次一起去天堂島相談甚歡還可以解釋成出於禮貌不想掃興，但第二次直接委屈爆哭，就讓人有點看不懂現在是演哪齣，世勳才該哭吧
(´･ω･`)?

3.素妍與振澤and世勳
一開始蠻欣賞素妍的坦率，但到後面只覺得講話過於直接反而白目，發現振澤心意可能有變急忙回頭想找世勳當備胎，一番告白聽起來感覺就像是「你不要再纏著芝燕了，來喜歡我吧」，當下彷彿都能看見世勳臉上的三條線(￣▽￣)""
總之不難看出素妍是個控制慾強、習慣掌握主導權的人，大概也是這樣才有辦法鎮住愛玩的振澤。不得不說振澤從一出場就給我一種油膩感，在天堂島若無其事地跟芝燕調情那邊真的好感度大降，幸好到後來還是死守素妍，算他識相(?)

4.俊植與藝媛
藝媛的外型跟身材是我在這部戲裡第二喜歡的(第一是智雅)，個性感覺也很好相處，女生們有心事都會跟她傾訴。可惜這對戲份超少，尤其俊植幾乎零存在感，不禁懷疑他們是否出於一種「ㄟ都沒人了剩下我們欸」的心態才在一起的XDD

5.秀敏and敏智
第一眼覺得敏智像舒華+Sana的合體，但後來又覺得好像By2的姐姐(Miko)🤣
https://i.imgur.com/obYFGQg.png
坦白說這兩個新成員的支線有點多餘，感覺只是為了要鋪陳世勳的戲份，兩人跟其他島民的互動也很少，沒有真的打亂原本的平衡，最後還被一臉矇的丟在島上，有夠慘QQ

當初是純粹想看智雅而點進來的，但這部整體而言比我想像中的還要好看很多，沒有太灑狗血的劇情，雖然最後一次女生玩遊戲的前三名，次序微妙到很像有set過，但還不至於太讓人白眼或出戲，不知道有沒有機會出第二季、或是追蹤參加者現實中的動態(好希望能看到他們現實生活中的互動啊)",F,,nowhere,95,24,2022-01-10T14:03:08.864Z,netflix
237864538,#閒聊 #閒聊 單身即地獄配對成功的情侶,"我想問有人跟我一樣好奇單身即地獄最後配對後的情侶結束節目之後就是會正式交往嗎？畢竟是一起離開地獄島😂還是只是按照節目規則選擇與自己喜歡的人一起離開地獄島而已，而非真的配對成功後會直接交往，因為這個節目不就是讓單身想談戀愛的人來參加找伴侶的嗎🤔

這邊就不指出名字了！因為不想暴雷
單純討論節目結束後每個人的後續而已！",F,,文藻外語大學,105,13,2022-01-10T05:44:20.244Z,netflix
237864019,#分享 單身即地獄 第一季 配樂總整理｜時訓的包紮邏輯,"單身即地獄第一季看完了，這邊整理裡面出現過的配樂，並用盡量不劇透的方式整理。
https://www.wonderfo.land/player/110/9709


其中蠻有趣的是最喜歡的人物世勳，他的專屬配樂是唯一一首韓文歌曲，是梨泰院的〈開始〉，其中歌詞有段「越過那條不見蹤影的界線，直到我因無力而倒下為止，為了自己而做出的這約定，只須堅持到底」，根本就是世勳的人設XD
https://youtu.be/5229fIlU1FU

出處：
https://www.soundtrackfind.com/singles-inferno-soundtrack-list/

-----------以下有雷--------
.
.
.
.
.
.
.
.
.
.
.
.
.
.
.
.
.
.
個人分享最佳情侶排名：

世勳芝燕
沒想到最後地獄島主還是成功跟芝燕在一起，原本想說第六集世勳aka廚子哥島主幹嘛固執一直選芝燕，但沒想到是自己心裡那道檻過不去，面對芝燕不是先說自己怎麼難受，而是先站在芝燕角度，跟芝燕說她自己一定也很難受，後來彼此把話說開，芝燕就知道世勳是很好的一個人，也是快樂結局。

賢中智雅
賢中其實在節目中很癡情，跟世勳一樣從頭到尾都沒有變心過，跟女生幾乎都很少話，就算一直有展榮攪局也很有氣度，但遇到炫承哥有點擔憂，加上自知條件可能沒有炫承好，其實從鏡頭可以看出每當炫承跟智雅在一起的時候，他那個一直很難受的模樣，第七天一早說他其實當晚心痛到睡不著，好險最後也是快樂結局。

振澤素妍
再來說說人生勝利組振澤，如果說世勳是地獄島島主，那振澤就是天堂島島主，雖然這本來就是聯誼實境，來了就是要認識人，計畫通的他最後還可以成功配對真的是蠻猛的。

俊植藝媛
藝媛的個性很好，但不知道為什麼鏡頭很少，最後也是跟俊植在一起，這一對在一起的心路歷程鋪陳有點少。

---------------------------以下純娛樂性質---------------------------

最後看起來很像展榮的時訓，智雅最後沒辦法陪他去雷射

第一天地獄島就被水蒸氣燙到
https://i.imgur.com/5uBvDKo.png
晚上只好用左手吃飯
https://i.imgur.com/ogbUyLD.jpg
幫忙補水
https://i.imgur.com/4MF5fLF.jpg

第二天晚上天堂島看起來好很多，傷口可以透透氣
https://i.imgur.com/hZZPM6S.png
 
第三天早上地獄島包起來
https://i.imgur.com/wtHrMaA.png
到了晚上天堂島，可以看出有點紅紅的，但沒有包紮
https://i.imgur.com/M5rPlgO.png
https://i.imgur.com/ZWya3b8.png

第四天早上地獄島搶賢中對座
https://i.imgur.com/VCiaruC.png

第七天最後一次去天堂島
https://i.imgur.com/vAWqjza.png

最後一天在智雅面前看起來紅紅的
https://i.imgur.com/MNWS5kN.png
被燙傷記得要沖冰水",M,,景文科技大學,52,4,2022-01-10T04:15:56.121Z,netflix
237863162,#無雷 《單身即地獄》地獄島vs天堂島？,"#比欲罷不能有腦的韓綜
https://i.imgur.com/tl3Jvpx.jpg
【#真人實境｜ 《單身即地獄》2021 】#無雷解析

⛱故事開始
https://i.imgur.com/WssFRlx.jpg
由洪真慶、李多熙、曹圭賢、韓海共同主持，《單身即地獄》為韓國在2021年夏天製作的真人實境秀，共有12位單身男女前來尋覓愛情，節目中設有「地獄島」和「天堂島」兩個地方，「地獄島」為與世隔絕的無人荒島，在島上不能使用任何文明設備，也不能公開自身的職業和年齡，且須過著自給自足的生活。

而「天堂島」則完全相反，不僅能入住高級總統套房享受兩人時光，話題還不受限制，想聊什麼就聊什麼。

在9天8夜中，唯有在地獄島配對成功者才能前往天堂島進行浪漫約會，期間可以更換對象，直到進行最終選擇，配對成功的情侶將會手牽手一起離開。

🔸眾多節目的綜合體
https://i.imgur.com/XQWjA9G.jpg
在看的過程中，裡面出現的環節確實讓人有《換乘戀愛》以及《欲罷不能》的既視感，加上荒島上時不時會出任務的廣播人聲，像極了《魷魚遊戲》中每當要參賽者玩遊戲的廣播聲音，讓人一直有種是否任務一說完，諸位參賽者就要互相殘殺的感覺😂（確實是場生存之戰啊），說明了綜藝節目果然都是相互取經，再從中添加新元素，激發出自身亮麗的火花。

🔸精挑細選的單身男女
https://i.imgur.com/J7XQZRU.jpg
在節目裡，參與者除了擁有火辣的身材及顏值，就連職業也有一定水準，尤其男性們，許多人一公開職業，真的會讓人感到很！帥氣！一路從《換乘》至《單身即地獄》，我可以更確信，一個人散發出的氣質，真的會因從事的領域不同，而產生出不同的魅力，人生經歷所造就的人格特質，真的無法隨意就遮掩住，因為它們早已淺移默化地融入在你的性格以及談吐裡。

因此，小編想要告訴正在看此篇文的你們，無論在感情或是事業，真的要好好唸書、充實自身內涵，人生主導權才「有機會」掌握在你手上。（突然一個勵志語錄？）

🔸比電視劇更抓馬的情節走向
https://i.imgur.com/4OpOjju.jpg
很慶幸《單身即地獄》裡的參與者，都很勇於表達自身想法，坦白、直率，想認識就約出來單獨聊聊、想釐清誤會就主動化解，每個人的感情線在節目中都清晰可見，這樣的坦然，也加快了整個節目的節奏。

最沒想到的是能在這樣的真人實境秀，看到一波又一波的驚人反轉，反差的心情就好比才剛跌落谷底，就突然在一夜致富⋯（就是這麼抓馬！），看著他們從第4集開始較勁，第6集成為關鍵，竟也默默的看到所謂的角色成長及改變⋯🥲

在節目中出現的碰撞和對話，我覺得都非常真實，裡面所會遇到的情境題，都是蠻好的感情課題（至少我不會解讀成完全無腦☺️），或許正是因為長時間被關在無人荒島上，才多了更多感受自身情緒的時刻，尤其是當只能在有限時間整理思緒做出選擇，任何人都會變得非常敏感。

🔸總結
https://i.imgur.com/0H0BqW2.jpg
《單身即地獄》非常適合以下階段的你們

1、被工作和課業搞得心煩意亂（大家期末考加油）
2、吃飯上廁所找不到可以看的東西
3、沒什麼時間追劇也不想動腦
4、喜歡看帥哥美女放鬆心情

如果你正符合其中一項，那恭喜你，趕快打開Netflix追起來！8集真的很短，再搭配一點快轉，咻！一下就沒了😌

https://i.imgur.com/YTusT7a.jpg
🔔更多影劇相關在：
https://instagram.com/ccc_movie?utm_medium=copy_link

（喜歡這篇文章的話記得按下追蹤鍵，可以即時獲更多影劇相關的新鮮事喔！）",M,,c哥c妹的影劇框🎥,144,7,2022-01-10T01:16:09.942Z,netflix
237862669,#閒聊 #閒聊 #微雷？ 單身即地獄,"首先先恭喜單身即地獄終於完結啦🎉

雖然我個人目前還沒看完啦
但心裡默默嗑很深一對cp希望最後是嗑成的😍

正題👇🏻
不知道看到一個段落的卡友們，會不會跟我一樣不太喜歡時訓…
單論戲裡時訓給我的感覺很像巴著別人不放的樣子，看了都有點生氣的那種😾
而且我很不懂為什麼他第一天被熱氣燙到後在地獄島都不會看到他沒包紮的時候，去天堂島後反而都沒有包紮了😹雖然不知道是不是因為不要曬到太陽啦，但這樣真的讓人感覺他有些做作
一開始節目開頭的介紹還覺得他有點可愛，但越看越覺得他不怎麼討喜xDD

但這些是個人觀點，希望喜歡時訓的人不要太認真！論戲中不論現實唷☺️ 也歡迎各位分享對這部劇的看法，儘量不要爆雷太多還沒看的人啦😍",F,,義守大學,20,14,2022-01-09T21:24:17.376Z,netflix
237860131,#雷 #有雷 單身即地獄CP後續,"昨天看完單身即地獄真的好開心
喜歡的CP都有配成對❣️
但是看到很喜歡的智雅IG沒有追蹤賢中
雖然她沒有追蹤節目的任何一個男生
可是男友不追嗎🥲
https://i.imgur.com/BQmMSa6.jpg
https://i.imgur.com/ufh5kLG.jpg
而且小狗沒有按讚智雅的任何一篇文但是讚了芝燕跟敏知
https://i.imgur.com/pxiVlYf.jpg
https://i.imgur.com/s4G5E34.jpg
https://i.imgur.com/pAxoHRc.jpg
節目結束後也沒有轉發關於智雅的限動
（狗狗叼牽繩意義不知道是無主還是有主的含義）
最後就是看到這篇文
https://i.imgur.com/mFcivM3.jpg
怎麼辦啊啊啊
小狗不要啊😭😭😭
我因為他們兩情相悅感動的掉眼淚耶🥲
不知道大家怎麼看這一對還有其他對呢？",F,,人蔘百態,182,37,2022-01-09T14:14:22.509Z,netflix
237857634,#閒聊 #無雷 單身即地獄的參加者進軍小紅書,"本來就有意無意會👀小紅書，結果發現智雅、時訓、賢中都辦小紅書🤣🤣（確定是本人因為還有發影片說自己來小紅書等等⋯）
但看留言反應蠻兩極的哈哈哈，蠻多大陸網友不買單，也有很多人是不介意😗
不過我比較好奇為什麼要進軍大陸市場哈哈哈（歪頭）
智雅可能是因為做yt，但其他人～whyyyy？

純粹討論不要引戰喔🥺
https://sticker-assets.dcard.tw/images/8de2f7bc-70af-4798-be89-4c7dc7b8f000/orig.png
https://i.imgur.com/R4gqrAz.jpg
https://i.imgur.com/EBx1wXM.jpg
https://i.imgur.com/1zbGvXA.jpg",F,,國立臺灣師範大學,152,19,2022-01-09T08:12:54.521Z,netflix
237856867,#無雷 #無雷 單身即地獄 安藝媛項鍊,"昨日看完最終回又重看第一集，突然發現安藝媛的項鍊很好看欸，有人知道是哪個品牌哪一款嗎🥺
https://i.imgur.com/7VAaLoq.jpg",F,,輔仁大學,37,3,2022-01-09T06:04:24.731Z,netflix
237854786,#心得 單身即地獄 結局感想 (文長）,"這部是我第一次追的戀綜，真心覺得很好看，陽光，美女，帥哥，沙灘，真的是顏控的福利，就像是主持人說的，光看著就讓人覺得心情很好。

但有些地方鋪陳不夠還是覺得有點可惜，像是
1.振澤和素妍究竟是怎麼和好的讓人有點看不懂，記得當素妍一直不停逼問弄得振澤很煩，還說
我更了解妳的為人了
原本以為這對要吹了，結果後來莫名奇妙就和好了，而素妍原本一開始我就感覺她比較喜歡世勳，也摸不透她的想法，可能是沒剪輯到或是沒拍到吧，所以不太懂後來的內心轉折。

2.世勳一開始的追求讓知燕壓力非常大，他後來是怎麼變這麼聰明，改變方法和戰略，變得很會跟知燕相處的?一開始看他們的相處真的很悲劇，侵略性很強。

3.巧克力明明對素妍說很喜歡藝媛，但後來就沒再講話了也沒有選她，讓人覺得有點奇怪
____________________________________
然後知世這對cp，最後講的話讓我感覺五味雜陳，小狗對智雅說我們一起逃離這裡去談戀愛吧，素妍和振澤那對也是感覺真的有想認真在一起。


而知世雖然後來很甜蜜，但言語間的對話都更像是在道別。

我很謝謝你
每當天氣炎熱時，我都會想起這個夏天

他們感覺是在道別而不是有個新的開始
比較像是解開彼此的誤會和心結，重新鬆了一口氣的感覺，比起情人我更傾向他們會變成朋友的關係，但也許在未來一年後或是幾年後他們真的可以在一起也說不定。
_______________________________________
然後講講我最愛的五大場景

1.當世勳對知燕說，你一定很難熬吧，知燕哭出來的場景，很揪心

2.小狗和智雅在床邊低語，智雅對他說你牽我的手，倆人低頭笑那幕，真的超甜密的

3.藝媛勾引巧克力時魅力大爆發的那些笑容，太迷人了

4.世勳經歷好幾次失敗後，還是毅然決然唸出知燕名字的那一幕，真的是不撞南牆不回頭🤣🤣

5.智雅勾引時訓，對他說出，你一定不想回家吧。我相信時訓一定硬爆惹
___________________________________

最後講講裡面我最愛的女人和男人

女人 知燕
喜歡知燕應該是喜歡她那股反差感
外表柔弱，內心堅強
對於不感興趣的人她的確拒絕的很明顯，而看似柔弱的她，在騎馬搶帽子時表現也讓我驚呆了，腦神經科學這個應該是讓我最驚豔的，其他人大部分都是創業或model，她真的太强了。

男人 世勳
其實一開始我是被天使臉蛋魔鬼身材的高冷賢中吸引，但世勳煮飯時的可靠，對女孩的貼心，癡情，以及在比賽中傑出的表現都讓我越來越愛他，雖然他那時沒被選中的表情真的有夠恐怖🤣🤣
----------------------------------
讓我學習到最多的地方~

讓我學習到最多感受最深的其實是世勳和素妍那段談話，因為使用上帝視角，所以我很能懂世勳的心情，自己已經心情夠糟了，為什麼還得被別人落井下石不可。

這是用最糟的方式去關心一個你愛的人

素妍真的是很好的借鏡，很多人都說他一直去問振澤那些問題讓人覺得超煩超降低好感，但我也曾經這樣，在面對感情被背叛時，我也是三不五十就要拿出來諷刺一下。
____________________________________
這部其實也是很好的戀愛教科書

1.如何不像素妍那樣用錯的方法(關心）愛的人
2.向智雅學習撩人技術
3.世勳一開始錯誤的方式去追求知燕，讓女生備感壓力，而時訓和賢中都讓我覺得他們好有風度，尤其是賢中說，我感到吃醋了，但那是你的自由，本來就應該要多多認識其他人。
而不是給對方壓力


愛不就是這樣嗎，我愛你，但我不想給你壓力

我想，世勳後來就是明白了這點才能跟知燕一起牽手逃離地獄島吧",F,,國立雲林科技大學,671,50,2022-01-08T18:25:28.428Z,netflix
237854662,#雷 找歌 單身即地獄 有雷,".
.
.
.
.
.
.
.
.
.
.
.
在第七集最後芝燕選擇世勳時 背景音樂響起with you my love~~ the day singing ～～～什麼什麼的 上網搜尋但都沒找到 有人知道那是一首歌嗎🥺

https://i.imgur.com/dQF4F0Y.jpg
https://i.imgur.com/bFirsgK.jpg
https://i.imgur.com/julWOKQ.jpg",M,,元智大學,36,4,2022-01-08T17:57:48.175Z,netflix
237854314,#分享 只有我覺得長超像嗎（單身即地獄,"https://i.imgur.com/jmXeBxi.jpg
https://i.imgur.com/3dEh5S2.jpg",M,,僑光科技大學 幹話系,8057,291,2022-01-08T17:03:21.470Z,netflix
237853246,#閒聊 單身即地獄 賢中翻白眼？（微雷）,"如題
看到第四集 賢中跟智雅對話時
賢中這是翻白眼嗎哈哈哈哈哈哈 突然覺得很好笑🤣
https://www.dcard.tw/v2/vivid/videos/15a3e323-9347-46d5-9c65-0cc0211a0cae?r=0.5625",F,,國立高雄科技大學,103,24,2022-01-08T14:30:15.047Z,netflix
237852527,#心得 #雷 #文長 單身即地獄心得,"終於盼來最後兩集！
都快把留言還有影片看爛了🤣
先來說說我對每一位的心得
.
.
.
男一 金賢中
私心最喜歡的哈哈哈
外貌跟身材真的沒話說  而且也很專一
看到他跟智雅的相處真的姨母笑沒停下來過
尤其是第八晚看到智雅晚上很冷穿很少
就直接叫她過來真的覺得好霸道好喜歡😍😍

前幾天等結局時看其他網站的討論
有人覺得他們第一次去天堂島回來
男一因為佔有慾而說智雅壞話而不喜歡
但說實話啦…
我看得時候完全沒這種感覺欸
就可能每個人相處過後的印象都有一點不一樣
很正常吧？我的感想是這樣啦
而且失望算壞話嗎？

－

男二 文世勳
前期最可憐的島主哈哈哈
一開始對他印象也很不錯
直到拍合照時 那個手就直接給他去了
我覺得芝燕應該是從這裡對他沒好感的

但是新成員加入後  島主的春天來了
看到有女生對他有好感也算是放心
誰知道島主還是堅信“持之以恆”
跟隨自己的內心 也是很專一的一個人

而且他蠻幽默的
本來以為跟芝燕一起去會不說話 尷尬
結果意外聊得蠻來的 我也慢慢get到島主的魅力了

話說我真的擔心過我會不會到結局
都還不知道他的年齡跟職業🤣

－

男三 金俊植
真的是很沒存在感的男嘉賓呢🤣🤣
對他的印象好像就是會煮飯 吃的也蠻開心的
欸……還有……對不起 想不到了
但也覺得算中規中矩吧
沒有甚麼讓人覺得失禮的地方
只能說導演他鏡頭真的太少了🥲
不過看他後面幫藝媛擋太陽那裡就覺得好暖🥰

－

男四 許展榮（啊不是

男四 崔時訓
時訓的年齡真的有嚇到我
臉真的很年輕 
然後也算是很專一……吧 算吧？
對智雅也算是全力以赴
雖然知道了智雅的心意
但最後還是遵從自己的內心
走向了智雅

其實他跟秀敏我也覺得不錯
但看到他們在天堂島
時訓一直感謝她那裡就覺得牙敗了QQ

－

男五 吳振澤
最有個人風格的他來了
他的胸毛 讓人特別有印象
後面兩集 突然覺得他也太油了吧🤣
每句都要給他撩一下 

然後我覺得他的選擇其實蠻起伏不定的
雖說是要多認識其他人沒錯
但就是有種說不出的風流感
對於芝燕、素妍都各有保留
讓女生們都不確定他的心意
所以也是算有自己魅力的人吧

－

男六 車炫承
我是因為巧克力cp知道他的
真的是很性感的男生
而且我覺得某些角度好像南柱赫(我認為啦

其實我覺得他很可惜 
中途加入的 相處時間沒有很長
不然他跟智雅我完全是ok  ok的啊！
.
.
.
女一 申芝燕
也是私心最喜歡的😍
很清純 白皙的皮膚不管什麼打扮都好適合她
本以為很嬌小 但身高卻快170🤣
學霸美女好喜歡呀～
咳咳 離題了

她在拍照事件後對世勳冷淡的很明顯
幾乎是讓人覺得沒希望的那種
而且她也會在世勳去完天堂島後才找他聊聊
這點我覺得很棒欸 
不會讓人覺得她是因為想去才找世勳的
但是島主的“持之以恆”讓他們可以在獨處時
好好的說開來 真的替他們開心
最後看到他們一起離開 
也算是happy ending了吧！

－

女二 姜素妍
一個很直率的人
但我覺得她太在意第一次的好感排名了啦
有一種沒有振澤 
就趕快找世勳配對的fu
5.6集那裡 我真的有一種“怎麼又是妳”的煩人感
不過透過對話也可以慢慢理解她內心的想法

然後她真的蠻主動的
居然提出想跟振澤睡同一張床🤣
7.8集真的可以說是蜜月旅行了
他們真的蠻配的（在猶豫選擇誰的部分……威～

－

女三 安藝媛
身材真的好美、好辣😍
好喜歡她笑起來彎彎的眼睛🤣
其實我有一瞬間站過她跟炫承
誰知道後面就沒有什麼交集了QQ

她前期也是沒甚麼存在感
個性很隨和 跟新成員也是很快就變熟
然後我發現她也是很專一的選擇俊植欸！
看來對她來說比起地獄島更像是天堂島吧哈哈
畢竟大部分時間都留在地獄島🤣

－

女四 宋智雅
很難不注意的歐膩啊～
有著高傲的冷漠感 
背後卻是一個可愛的小貓咪的反差感
身材很好 而且衣服幾乎都不一樣欸
不管去哪裡都會配上小包包 好精緻啊

而且很會撩
第一晚的好感度明信片選擇那裡
那一句“歐巴？”直接歐到我心裡

跟誰都好配 我也好嗑
話說我以為最後會選炫承欸
畢竟看她的說法 外型性感都蠻配的
也是蠻可惜的呢

－

女五 金秀敏
中途加入的新成員
一位很開朗很樂觀的女生
看到世勳這麼照顧她
本以為這兩位有戲  不過很快就結束了呢
後面選擇跟時訓去天堂島
感覺秀敏好像真的想好好了解時訓
誰知道時訓一直感謝感謝 
感謝到氣氛都尷尬了

雖然最後她沒人選很可惜
但也還好時訓沒有把她當備胎
不然那才是真的心疼

－

女六 成敏知
一出場我就一直覺得有種鞠婧禕的感覺(我啦 只有我
看到她跟世勳在遊艇的對話  真的會笑死 
音樂喜好都差很多🤣 不過氣氛意外的好
看得出來她真的對世勳很喜歡
看到秀敏跟世勳獨處
也會為了自己的喜歡直接去找他

不過世勳是真的專一
而且還說就算相處更久也不一定會改變
真的蠻心疼敏知的
.
.
.
整部看完後
真的有一種痛快感欸
跟著影片一起笑、一起緊張的感覺超爽
這一部我以後大概會刷好幾次吧！
雖然可能都是劇本 但我看的開心就好了🤣

以下是我主觀對每個人喜歡的排名
賢中>世勳>炫承>俊植>時訓>振澤
芝燕>智雅>藝媛>秀敏>敏知>素妍
大家的排名又是什麼組合呢？

欸然後 我真的蠻想芝燕跟賢中一起的
真的會讓人很賞心悅目呢 
然而現實毫無交集🤣🤣",F,,步川庫子,356,63,2022-01-08T12:37:08.497Z,netflix
237851015,#閒聊 單身即地獄EP7-EP8(END),"https://i.imgur.com/i1kr24T.jpg

〔 節目名稱 〕
單身即地獄
〔 網頁 〕
https://www.netflix.com/tw/title/81436209?s=i&trkid=13747225&vlang=zh&clip=81519317
〔 介紹 〕
魅力十足的單身男女來到荒島上尋覓對象，唯有順利成為一對，才能離開這座島，在天堂度過浪漫約會夜。

〔 主演 〕@此指主持群 非出演者
洪真慶，李多熙，曹圭賢，HANHAE

〔 創作者 〕
金在元，金娜見

ℹ️ 出演者資訊和SNS帳號可至維基查看
https://zh.m.wikipedia.org/wiki/單身即地獄

————————————
EP7
https://i.imgur.com/qSMCYtk.jpg
芝燕和世勳把誤會說開。素妍和振澤變得更親近。單身男女必須兩兩成對在最後一個遊戲中競爭，爭取前往天堂島的機會。

EP8
https://i.imgur.com/cUCztr1.jpg
遊戲最後一天，單身男女必須選擇想和誰一起離開地獄島。有多少對情侶會手牽手離開呢？",F,,元智大學,432,386,2022-01-08T08:06:15.509Z,netflix
237846928,#詢問 ＃無雷 單身即地獄 第二集歌！！,"想請教各位第二集 輪到金賢中去地獄之火的bgm
歌詞只有兩句，好像是
「berry deep along my skin, sorry hunger(?) cross my lame.」
麻煩各位神人幫我解惑，真的找了很久都沒找到，好想知道啊啊啊
https://sticker-assets.dcard.tw/images/a0186c29-eae4-4799-ab4d-d60f5b7c957f/orig.png",F,,實踐大學,2,1,2022-01-07T15:10:12.670Z,netflix
237844340,#閒聊 不負責任猜測 《單身即地獄》最終結果,"個人不負責任猜測

＃智雅女王奪得三票，最終還是選擇賢中
（雖然覺得和巧克力歐巴比較有火花）

＃素妍、振澤配對成功
雖然不喜歡素妍....
私心很嗑「芝燕X振澤」
但看了預告跟小道覺得沒戲ㄌQ_Q

＃世勳哥始終如一，唯我芝燕
（拜託你打臉我啊）
https://i.imgur.com/QxGD5Is.png

如果有人想要預測可以用這張空白的圖ＸＤ
https://i.imgur.com/4XzupLu.png

明天下午五點揭曉............
會不會全錯ＸＤ",F,,國立臺北藝術大學,170,45,2022-01-07T09:14:29.230Z,netflix
237841799,#分享 《單身即地獄》EP1~EP6的配樂總整理｜包含心得討論 (微雷),"單身即地獄真的很好看，除了可以猜測每個人大概下一次會投給誰，還可以看到心理層面與肢體動作的細節，跟朋友一起看時可以一起討論哪些行為跟言語很NG，像是有一位不知道是太直接，還造成別人自尊打擊，已經開始期待有沒有下一季，而這部實境秀的爆紅也讓參賽者都上漲很多，尤其是宋智雅XD（真的強）

這邊整理節目中出現中的歌曲，像是首集登場曲、芝燕、素妍登場配樂等，已盡量不爆雷的方式呈現
https://www.wonderfo.land/player/110/9709

順帶一提，ep6片尾插曲是梨泰院的《開始》，我自己是腦補在形容那人當下，他跟梨泰院男主角個性一樣吧

出處
https://www.soundtrackfind.com/singles-inferno-soundtrack-list/

微雷
.
.
.
.
.
.
.
.
.
.
.
.
沒錯永不妥協男子文世勳不知道是在堅持什麼，是不是翻到那頁持之以恆XD
https://i.imgur.com/qVx3H6h.png
沒看到芝燕都使出我好睏要休息嗎？當然世勳聽到立馬知道芝燕話語含義，也很識相的離去，其實就算不用素妍在世勳傷口灑鹽，世勳怎麼可能不知道自己知道心裡層面受傷...

世勳跟素妍那段激動談話還蠻好看的，世勳感覺很真性情只是沒有爆發而已，而素妍從好大姐變情勒大師，還跟賢中說你覺得世勳跟振澤誰比較好要選誰，結果還說振澤怎樣....

男生部分新來的車炫承真的很帥，就連賢中都承認他的長相跟個性，不知道智雅會不會心意有所改變。

最後想提的是看起來很像展榮的那位，其實很明顯旁人可以看出智雅跟賢中是一對的，但不知道為什麼一直要去插花，當時或許智雅話語中還是有保留機會吧，但直接闖入約會跟搶人伴侶對面座位實在是看不下去...

賢中心裡不是滋味，但還是出於禮儀倒水給時訓，結果時訓一邊說沒關係你們聊，然後一邊坐在原本賢中的位置
https://i.imgur.com/Xx4Qxk9.jpg
https://i.imgur.com/bVFDy6t.jpg

最後還問智雅要去哪裏，然後不論人家有沒有邀請你，就默默硬是要跟...最後當智雅說自己比較想跟賢中多聊聊，時訓居然還回說「我沒關係，我會給你們對話的時間」，你哪位....還要你給
https://i.imgur.com/zhKmRnR.png



而當世勳第一次沒有被芝燕選上立馬自我反省，我自己猜是在大家自拍的時候，世勳手突然搭芝燕的肩膀吧，不管原因是什麼起碼世勳會想是哪裡做不對，而不是一昧去講得自己很犧牲成全
https://i.imgur.com/MhsjfXn.png
https://i.imgur.com/fMv3H4d.png
希望最後世勳能配對成功，雖然不知道為什麼要那麼堅持，期待第七集世勳跟她的互動，或許是世勳始終想要追芝燕。也可能只是想把之間的誤會說開，叫她不要那麼有壓力跟內疚，之後當朋友就好，也順便當作這陣子讓對方不自在的補償？",M,,景文科技大學,126,14,2022-01-07T01:57:51.487Z,netflix
237839968,#詢問 #詢問 想找單身即地獄片頭曲,"片頭曲我好喜歡但搜歌搜不到
不知道有沒有人知道的呢謝謝你們！",F,,國立臺中科技大學,8,4,2022-01-06T16:14:38.919Z,netflix
237836351,#無雷  #閒聊 單身即地獄,"這幾天在看單身即地獄的時候發現製作組在收音的方面好像有點不用心
比如說來賓在講自己想法的時候 會有旁邊工作人員的笑聲 我以為就可能是個小失誤 但連續好幾次我都有聽到
還有在第四集的最後世勳跟素妍走在沙灘上的時候甚至還有手機的鈴聲耶😅",F,,靜宜大學,48,11,2022-01-06T08:29:38.363Z,netflix
237818207,#分享 單身即地獄  最後一週預告,"不想被雷ㄉ～想要有驚喜感的不要點進來～～～～～
https://i.imgur.com/CuhOEo2.png
韓網最近在傳一段未公開預告（和原本正式發表的預告有相似處，但這次傳的內容有更多片段）

1.姜素妍（應該是她吧XD）不忍了！對吳振澤直進開快車
https://i.imgur.com/vfINMy2.jpg
https://i.imgur.com/LtcCODh.jpg
https://i.imgur.com/DRPeB3p.jpg

https://i.imgur.com/A5TSTxR.png
（？？？）

BGM：再靠近一點點～
https://i.imgur.com/XFWzjP7.png


2.宋智雅與車炫承 一起泡澡
https://i.imgur.com/8GCYh78.png
智雅應該是之前穿的這件
https://i.imgur.com/0kY5Oxr.png
＋車炫承的刺青
https://i.imgur.com/0DxHaVE.png

3.騎馬打仗，女生要互搶帽子 感覺就好刺激
https://i.imgur.com/wByOanD.png
智雅好像哭了
https://i.imgur.com/V0WyUO9.png
https://i.imgur.com/RzT9ttw.png

最後補個小道
姜素妍、吳振澤兩人好像一起去了濟州島？

姜素妍VLOG
https://i.imgur.com/ZoFmfun.png
拉近一看是誰呢

右邊那張是吳的IG照片
文案是打：很久沒到達的濟州
（（（一樣的衣服）））
https://i.imgur.com/rgKfcIo.png
一樣的行李箱
https://i.imgur.com/a628CJD.png
還有在接近的時間點
上傳類似的照片
https://i.imgur.com/po6hgnF.png
有點意外（？）

突然發現這週1月8日（六）就是結局了欸
也太快了吧

大家有特別站哪對CP嗎或期待的點><",F,,國立臺北藝術大學,589,95,2022-01-04T03:12:13.086Z,netflix
237805424,#詢問 單身即地獄,"有沒有人跟我想的一樣
覺得那四個主持人有點多餘",M,,逢甲大學,98,62,2022-01-02T07:29:10.379Z,netflix
237800249,#閒聊 單身即地獄EP5-EP6,"https://i.imgur.com/CaxEtXo.jpg

〔 節目名稱 〕
單身即地獄
〔 網頁 〕
https://www.netflix.com/tw/title/81436209?s=i&trkid=13747225&vlang=zh&clip=81519317
〔 介紹 〕
魅力十足的單身男女來到荒島上尋覓對象，唯有順利成為一對，才能離開這座島，在天堂度過浪漫約會夜。

〔 主演 〕@此指主持群 非出演者
洪真慶，李多熙，曹圭賢，HANHAE

〔 創作者 〕
金在元，金娜見

ℹ️ 出演者資訊和SNS帳號可至維基查看
https://zh.m.wikipedia.org/wiki/單身即地獄

————————————
新集數即將在星期六上線
明星洪真慶、李多熙、曹圭賢、HANHAE 擔任棚內主持人，觀看令人心跳加速的約會遊戲，隨著遊戲進展流露反應。
————————————
EP5
https://i.imgur.com/v60zTza.jpg

世勳對素妍先前的建議與直言做出回應。新來的參加者到了島上，遊戲出現變數，邁向天堂之路更添波折。

EP6
https://i.imgur.com/AbhPn9A.jpg

男人們設法把彼此推出競爭圈之外。女人一個接一個跑去和炫承聊天。世勳思索是否該按照自己的心之所向行動。",F,,元智大學,248,290,2022-01-01T08:46:04.303Z,netflix
237778032,#閒聊 單身即地獄,"如標題最近在看一部韓版的《欲罷不能》，可是沒有像美國那樣那麼刺激，韓版的比較保守一點，沒有說不好看就還可以。比較吸引我的點是金賢中超帥，完全是我的菜（可惜我吃不到😭看看就好😂😂），然後還有一個女生宋智雅好漂亮！！！！我是裡面中最期待的一對CP，他還沒更新完～～附上IG大家可以去查查看🤣🤣
  金賢中：
https://i.imgur.com/0UvT0sr.jpg

    宋智雅：

https://i.imgur.com/gI9rzE0.jpg
  
  題外話，我真心覺得裡面有一位長的很像展榮展瑞😂😂，我一開始還以為他去參加這個節目，給大家看看，也是附上IG讓大家去查

崔時訓；

https://i.imgur.com/Sp3Pw4Z.jpg
https://i.imgur.com/8pvbrfV.jpg

展榮：

https://i.imgur.com/UjxOudI.jpg
 
展瑞：

https://i.imgur.com/gyXjKvr.jpg
 大家覺得像嗎(⁎⁍̴̛ᴗ⁍̴̛⁎)",F,,淡江大學,297,75,2021-12-29T02:41:49.603Z,netflix
237771180,#無雷 無雷！單身即地獄求求bgm！,"第二集剩最後3分鐘（在天堂島的時候）
有一首女生唱的歌
歌詞大概是：I know you don’t wanna go
Come close … talk a little more 
我有用歌詞google過了但我找不到🥲🥲
有沒有聽過的人能跟我說一下！好好聽！謝謝！",F,,世新大學,18,29,2021-12-28T05:11:17.158Z,netflix
237753687,#閒聊 #單身即地獄討論（有雷）,"先說
我目前是看到第四集剛開始還沒看完
只是忍不住想來跟大家聊聊

有誰也在看的嗎！！！
我看到第三集的時候覺得有點生氣XDDD

各角色的心得：
女生
申芝燕：我最喜歡的！🤣 很漂亮笑起來超可愛又膚白腿長的 而且又是高材生！只是她兩次都沒選世勳我覺得他真的超可憐 不過她一直對世勳沒表現出什麼好感所以我覺得還ok 不會覺得她不選他不太好（雖然我也很希望她能選他一次🥲） 倒是她跟振澤聊的很好真是嚇了我一跳 其實第三集後面她在挑人的時候 我還以為一定是世勳或賢中（我甚至還覺得更有可能是賢中因為她真的蠻明顯對世勳沒興趣）看到振澤哥出現我真的😳😳
智雅：人氣最高的女王哈哈哈哈哈 我自己也覺得她好像Jennie真的很漂亮 然後妝感好美 而且超會撩！（第一集最後的歐巴真的太會 還有跟時訓說他會被她迷暈的⋯等）不過我有點看不懂她到底比較喜歡誰哈哈哈 我一開始還以為她跟賢中超合 結果感覺跟時訓卻聊的更好！
素妍：啊這 我對她心情有點複雜 我本來覺得她是很開朗自然的大姐對她蠻有好感 結果她卻在世勳面前說你一直釋出好感的人（芝燕）卻沒選你感覺不太好什麼之類的 讓我有種乾你什麼事之感 （雖然她也沒講錯啦⋯可能也只是因為我本來就比較喜歡芝燕所以看到她背後被講覺得不開心☹️）然後還有就是後來她第二次選了世勳 我本來覺得完全ok 因為她有表達過幾次覺得世勳不錯 可是後來她沒被選走 然後個人訪問那邊說自己選世勳的理由是要故意選一個她確定不會選自己的人 我就覺得有點？？？不是這樣的吧？感覺是她本來就想再多認識他 可是現在沒被選走 而一開始說會留下來的振澤也走了 她才這樣講的
（以上都是個人看法 有不同看法的人拜託別噴我⋯）
藝媛：對她沒啥感覺XD 但我覺得她也很正身材也很好 但不知道為什麼好像鏡頭就是不太多XDD

男生
賢中：我覺得他超帥哈哈哈哈哈 就是男生裡面最帥的身材也很棒🤤 然後前面感覺對智雅一心一意的 所以後面他選了芝燕讓我有種小驚喜的感覺哈哈哈（結果他說他是故意選不會選自己的 唉現在看到大家說這個我真的都不知道大家是說真的還是只是維持自尊之說詞ㄌ） 
時訓：我覺得也很帥！！可是他明顯更喜歡智雅第一集卻選芝燕 不是很懂這個操作（我是有看到有人說他感覺智雅不會選自己才退而求芝燕的 也不知道是不是真的是這樣）
振澤：本來也是覺得他專情 後來看到他跟芝燕說他跟素妍其實沒聊什麼都在吃東西（還偷偷抹黑素妍吃很多！！就算是真的 這樣講女生真的不太ok）我整個心涼掉 他在我心裡大大大扣分了 如果一開始沒對素妍表現非她不可的架勢 他在跟芝燕調情我還覺得比較可（畢竟這個節目本來就是要大家都撩一下嘛 都發展看看）但他直接說一套做一套🙂
世勳：本節目最慘悲情男！！！！XDDDD 我看到第二次他沒被選中時我已經快不敢再看他了🥲🥲🥲 而且我超怕他會暴怒 結果是陷入低迷狀態 真的覺得超可憐超不忍 但又蠻好笑的（抱歉⋯）他後面感覺都已經沒心情做飯了XDDDD
俊植：跟藝媛一樣讓我無感XD 表現真的不多 之後再看看ㄅ⋯ʕ •ᴥ•ʔ

好啦因為我蠻喜歡芝燕的所以有些評論可能有所偏頗希望大家不要介意 非常歡迎有看過的大家來跟我討論！！！！！不過我第四集還沒看完哈哈哈 看完有餘力再補心得上來❤️

#更
補充看完第四集的感想
首先 素妍對芝燕的敵意上升的蠻明顯XD 然後她居然又再強調一次自己是因為世勳不可能選自己⋯但你說你一直看著她耶😕😕😕 還直接勸世勳放棄 說芝燕可能會不自在（雖然芝燕應該是很感謝妳🤣)結果直接讓世勳不開心🥲 好啦但積極也是好事啦（不過這個積極也是在看到振澤冷卻之後才採取的行動⋯⋯⋯不是很🥲）

啊世勳就⋯⋯⋯XD 那是什麼邪門的書啦不要再給我害他欸(◐‿◑)﻿ 世勳真的該換一條路了 其實也可以跟素妍試試啦 不然他真的變得好憔悴🥲

然後時訓賢中智雅這條線好刺激哈哈哈哈 雖然感覺智雅兩邊都不想放⋯（一開始說跟時訓相處自在 看到賢中有點不開心又說 但是你更有趣 然後說昨天跟時訓相處很開心 但又表達自己想再跟賢中多相處😵‍💫）

然後我超級想看新人的天啦啦啦 看預告感覺智雅對新男很有興趣XDDD",F,,中國醫藥大學,88,73,2021-12-25T14:46:02.325Z,netflix
237751341,#閒聊 單身即地獄EP3-EP4,"https://i.imgur.com/ap3SmHV.jpg

〔 節目名稱 〕
單身即地獄
〔 網頁 〕
https://www.netflix.com/tw/title/81436209?s=i&trkid=13747225&vlang=zh&clip=81519317
〔 介紹 〕
魅力十足的單身男女來到荒島上尋覓對象，唯有順利成為一對，才能離開這座島，在天堂度過浪漫約會夜。

〔 主演 〕@此指主持群 非出演者
洪真慶，李多熙，曹圭賢，HANHAE

〔 創作者 〕
金在元，金娜見

————————————
新集數即將在星期六上線
明星洪真慶、李多熙、曹圭賢、HANHAE 擔任棚內主持人，觀看令人心跳加速的約會遊戲，隨著遊戲進展流露反應。
————————————
EP3
https://i.imgur.com/YrF6HiX.jpg

第二回情侶挑選開始前，世勳將芝燕拉到一旁談話。驚人的消息宣布，令單身男女們身陷難題。

EP4
https://i.imgur.com/Be9YC6h.jpg
在天堂島度過的迷人夜晚顛覆了時訓的感受。振澤的舉動令素妍感到困惑，她決定和世勳坦率地談談。",F,,元智大學,119,213,2021-12-25T08:04:50.112Z,netflix
237742167,#心得 《單身即地獄》展榮展瑞,"剛剛看了第一集
不行真的太出戲了
崔時訓真的太像展榮展瑞了🤣🤣
某些角度一點點像李鐘碩
但主要還是9成像展榮展瑞
https://i.imgur.com/QJS9y7x.jpg
https://i.imgur.com/XBkmLcA.jpg",F,,國立交通大學,693,57,2021-12-24T02:04:46.184Z,netflix
237741267,#雷 #閒聊有雷 單身即地獄,"https://i.imgur.com/tzQp6Gc.jpg
放上漂亮的藝媛防雷
————————————————
看完兩集後，有一點讓我超在意的！
超級怕世勳像什麼恐怖情人，主持人們說不能理解為什麼沒配對成功超無解的，先說早午餐那裡一直讓人戴眼鏡看看戴帽子看看什麼的那裡其實就看出芝燕滿尷尬的，不是說主動開話題不好但那段聽起來真的超像什麼奇怪的人再騷擾無害小妹妹啊！😩
後面拍合照的時候又把手刻意搭人家肩上，在認識沒幾天民風有沒有歐美那麼開放的狀況下多少會感到不舒服吧，覺得最後沒有配對成功滿合理的，畢竟時訓就是小可愛一枚又有認真聽人講話！❤️❤️

但為什麼說恐怖情人呢？因為最後上直升機我們的世勳講了一句話！
「誰在枕邊的女孩，現在在那邊跟別人嘻嘻哈哈感覺不舒服」
修但幾勒！
你們關係並沒有那麼好好嗎！
總之一開始真的被世勳煮飯的樣子圈到但第二天真的直接大崩欸！


本來希望小純情振澤和女神能有好結果兩人好搭呀，講年紀那地方我真是被振澤的回覆給迷到了😍
也下集預告又…又…🥲
結束的很突然但就是希望有看的人然後和我一樣想找人聊聊劇情的可以在下面留言～～",F,,鯛🐟,76,28,2021-12-23T18:54:35.312Z,netflix
237736682,#閒聊 《單身即地獄》女來賓,"最近在看《單身即地獄》 （又被稱作韓版《慾罷不能》）

目前播出兩集
比我想像中還要好看！
不過不像《慾罷不能》那樣赤裸火熱
比較像出演嘉賓都是身材很好的辣妹帥哥的一般韓國戀愛實境節目

會有一些嘉賓們養眼的畫面XD
https://i.imgur.com/3BjdVJE.png
https://www.instagram.com/p/CXzzvC-tLFC/
韓國網友留言：這是《單身地獄》還是《單身健身房》？？ＸＤ


看完了前兩集
覺得四位女來賓都好漂亮
不過類型真的有些差別

（以下有雷！！！）

討論度最高的兩位女嘉賓
SEXY CUTE   VS 清純透明 
https://www.youtube.com/watch?v=NIQwN7zkxwk

SEXY CUTE 宋智雅
個人覺得男生都很喜歡 ／但女生不一定（？）
https://i.imgur.com/DNnwF5E.png
在節目裡，一出場就吸引全部男生的目光
大家的眼睛都停留在她身上
對她的第一印象都是：性感可愛／華麗／不好親近／笑和不笑有很大的反差
https://i.imgur.com/cjXHUb1.png
並且在第一晚的好感度投票直接拿下第一名
https://i.imgur.com/7n2Xl02.png
宋智雅的職業是美妝YouTube
目前大約60萬訂閱
算是這次最受到關注的出演者
https://i.imgur.com/TTy4aqD.png
有些人說她很像Jennie/張元瑛


另外一位
清純透明－申芝燕

氣質非常好的一位嘉賓
也是裡面我覺得最符合傳統韓國人心中美女的樣子（？）
皮膚白皙／甜甜的／瘦弱／會激起保護慾XD
https://i.imgur.com/LOJyP0h.png
在宋智雅出場之前
男生們原本認為申芝燕會是全場最受歡迎的～
https://i.imgur.com/ofpCJOZ.png
目前觀察下來感覺她偏慢熟型的人
比較不像其他出演者給人較為強烈的印象
但清純透明感真的會讓人心空XD
https://i.imgur.com/n4OTgBj.png

再來是其他兩人女嘉賓

健康活力－姜素妍

一位超級無敵愛運動的漂亮姊姊！
給人一種很有自信的健康感
職業是拳擊中心老闆、專業裁判
https://i.imgur.com/WfwMNqa.png
除了拳擊，也接觸其他運動：巴西柔道、自由潛水、網球、高爾夫球、籃球、拳擊、游泳、田徑、舉重、皮拉提斯、瑜伽等 （有夠強！！！）
https://i.imgur.com/4cAqD6g.png
看了前兩集
感覺她很好相處
很常開懷大笑XD 是個開朗的人！
https://i.imgur.com/b8gI6ce.png
https://i.imgur.com/PEq3asA.png

性感（？？）安藝媛

最後一位我還沒GET她的魅力XD
前兩集的畫面偏少
也是唯一還沒有配對成功的成員
https://i.imgur.com/ZAZpe2R.png
目前只覺得她身材真的好辣！！
期待她之後能有更多機會和其他人相處
https://i.imgur.com/l4tFfH9.png
https://i.imgur.com/oS2qDUT.png

不知道大家最喜歡哪位女嘉賓呢～～",F,,中國文化大學,157,77,2021-12-23T08:24:19.098Z,netflix
237731022,#分享 《單身即地獄》 IG💕💖💖,"申芝燕
笑容超可愛
感覺是小說走出來的人物😍😍
看起來也很善良沒有心機 
有點可愛
希望他可以配對到好的男生
https://www.instagram.com/p/CXRBxE6BNgT/?utm_medium=copy_link

https://instagram.com/jiiiyeonie__?utm_medium=copy_link

宋智雅
看到她的第一眼，長的真的好像張員瑛
個性感覺很直爽不心機
好感up up
😂😂
https://www.instagram.com/dear.zia/p/CWvE4khvBHE/?utm_medium=copy_link

姜素妍
擁有小麥肌
感覺會是人緣很好的那種
經營拳擊管真的好帥氣喔！！
https://www.instagram.com/reel/CXfwHXUpqsQ/?utm_medium=copy_link

安藝媛
雖然看似現在還沒有火花
但我覺得她是潛力股
👍👍
https://www.instagram.com/p/CXxRTV2vr8j/?utm_medium=copy_link

吳振哲
有別於小鮮肉的帥氣比較成熟有社會地位的fu
目標明確沒有花心感👍👍
會讀散文加分👍👍👍
西裝店代表！！加分
https://www.instagram.com/p/CXxmZkBBETk/?utm_medium=copy_link

崔時訓
偶像外表
皮膚是裡面最白的小鮮肉
https://www.instagram.com/p/CXs1VlQPXdf/?utm_medium=copy_link

金賢中
帥氣！肌肉！迷人的微笑！！
裡面的男生各個身材好好
😍😍
第一個到所以後面就離不開眼了
這個ig 真的追起來
https://www.instagram.com/p/CTdlhYABUzZ/?utm_medium=copy_link

文世勳
在第一集展現好廚藝
但又對很多女生都很好
在寫信那邊有點蛤
https://www.instagram.com/p/CXvCaWCvByM/?utm_medium=copy_link

金俊植
帥到後面好像就沒有印象了
(๑• . •๑)
但希望他可以配到藝媛的說
轉身看看身後嘛

https://www.instagram.com/p/CSO7_0HFPsH/?utm_medium=copy_link

目前覺得到天堂的組都是我喜歡的cp
希望他們之後不要八點檔！！！

節目組真的很厲害很會找
怎麼都那麼帥
這麼美
之前都沒有看過！

—————————————
以下分享新加入成員ig

金秀敏
笑起來有可愛的酒窩
戴眼鏡也有種鄰家姊姊風
https://instagram.com/sumesume_?utm_medium=copy_link

成敏知
跟廚師在船上聊天那段真的好好笑
😂😂😂
到現在都不知道廚師的職業
🥲🥲🥲都要結束的說
https://instagram.com/im_min.vely?utm_medium=copy_link

車炫承
巧克力歐巴
不用說職業大家都知道拍攝美宣的舞伴
https://instagram.com/502bright?utm_medium=copy_link",F,,這邊這個優秀小青年,93,30,2021-12-22T13:37:49.702Z,netflix
237722460,#詢問 有雷 請問有類似單身即地獄的影片嗎,"有雷 請問有類似單身即地獄的影片嗎

我看了這個節目很喜歡的

可是只有兩集

不夠看

請問Netflix還有類似的嗎？
我找半天找不到
謝謝",M,,qq,11,23,2021-12-21T11:33:23.975Z,netflix
237708545,#無雷 「單身即地獄」裡面有個男生很像台灣某個YouTuber,"今天看第一集發現裡面有個外搭毛絨背心的男生，長得好像台灣某個常見的YouTuber,但抱歉我也忘記那個台灣youtuber叫什麼名字了抱歉，就覺得很面熟🤣
https://i.imgur.com/lTwa5CC.jpg",M,,Rex,20,7,2021-12-19T15:05:03.075Z,netflix
237699999,#閒聊 單身即地獄(韓版欲罷不能）EP1-EP2,"https://i.imgur.com/QMJlPTt.jpg

〔 節目名稱 〕
單身即地獄
〔 網頁 〕
https://www.netflix.com/tw/title/81436209?s=i&trkid=13747225&vlang=zh&clip=81519317
〔 介紹 〕
魅力十足的單身男女來到荒島上尋覓對象，唯有順利成為一對，才能離開這座島，在天堂度過浪漫約會夜。

〔 主演 〕@此指主持群 非出演者
洪真慶，李多熙，曹圭賢，HANHAE

〔 創作者 〕
金在元，金娜見

————————————
新集數即將在星期六上線
明星洪真慶、李多熙、曹圭賢、HANHAE 擔任棚內主持人，觀看令人心跳加速的約會遊戲，隨著遊戲進展流露反應。
————————————

EP1
https://i.imgur.com/0kifehn.jpg
單身來賓抵達島上，認識可能成為朋友、情人或對手的其他來賓。接下來，這群男女將一起共度八天。

EP2
https://i.imgur.com/YRMrHgR.jpg
男士們賣力奔跑，希望贏得早午餐約會的資格。配對成功的情侶出發前往天堂島共度第一個夜晚，並向對方透露自己的年齡與職業。



/*補充
韓版慾罷不能與原版不同，將分為「地獄島」及「天堂島」兩個地方。在「地獄島」的單身男女無法知道對方的年齡和職業等，單靠個人魅力做配對，男女配對成功的話，就能雙雙逃出去到設備華麗的「天堂島」",F,,元智大學,133,65,2021-12-18T10:37:12.167Z,netflix
238029085,單身即地獄 文世勳ig討論,昨天晚上看到世勳在ig限時po出疑似摟著一位女生 還tag他 但今天要看時限時動態就被刪除了（還是已經24小時了？）不知道版上有沒有人知道他們是什麼關係🥺,F,,國立臺灣師範大學,109,8,2022-02-02T01:04:32.366Z,tvepisode
238023112,單身即地獄-文世勳討論,"最近在看這部韓國戀綜，裡面超級癡情的暖男
文世勳～ 一直覺得他長得很像某個人
最近才發現！他長得超像周湯豪的！尤其是笑起來的樣子！眼睛的部分又跟EXO的KAI有點像
附上圖給大家比對一下
https://i.imgur.com/3phHdxW.jpg
https://i.imgur.com/2w5VWQz.jpg
https://i.imgur.com/AoN0v5m.jpg
https://i.imgur.com/aMKXVkO.jpg",F,,Rooooooo123,155,69,2022-02-01T02:47:51.425Z,tvepisode
237998694,單身即地獄 第一次投信箱 疑問,"剛看完第一集 有個疑問
第一次投信箱時
男生只收到共3張
女生共收到5張 

可是不是男女各4人嗎？
怎麼不是各收到4張

https://sticker-assets.dcard.tw/images/c4c9a34e-a3fa-49c6-bf25-44a518f5543c/orig.png",F,,龍華科技大學,15,6,2022-01-28T08:12:36.686Z,tvepisode
237987576,單身即地獄私底下有做嗎,"單身即地獄裡面的男女生會兩兩配對去飯店
很好奇他們會不會做欸
有兩個還直接泡澡哈哈哈哈哈
大家覺得呢",F,,國立中山大學,845,68,2022-01-26T15:58:38.727Z,tvepisode
237904447,單身即地獄 智雅的戒指手鐲,"不好意思不太常用迪卡不曉得有沒有發錯版
想問她的戒指和手鐲是什麼名牌的什麼款><

我本來以為會有人統整她身上的名牌配件之類的
結果估狗只估狗到她節目中的衣服/私服等等
打她的名字+戒指/手鐲也只跑出什麼仿的同款
謝謝大家了",F,,國立成功大學,3,2,2022-01-15T11:59:31.765Z,tvepisode
237890123,單身即地獄～推,"https://www.potatomedia.co/s/aKDmUv0d

《單身即地獄》找來6男6女在無人島上進行生活互動。節目規制分為地獄島以及天堂島兩個部分，在地獄島對雙方有意思的佳偶，可以湊對前往天堂島。地獄島與天堂島待遇大有不同，地獄島三餐得自理，甚至連飲用水都要自己挑，但天堂島則能入住總統套房，享受兩人時光。地獄島不得討論成員年齡與職業，天堂島則百無禁忌，想聊什麼就聊什麼！而地獄島風景算是優美，許多觀眾都在問，韓國真有這樣的地方嗎？據悉，地獄島位於於忠清南道保寧市，是座名為大化島的無人島。

https://i.imgur.com/cV6bD8r.jpg

https://i.imgur.com/koDSIBl.jpg",M,,國立中正大學,4,1,2022-01-13T11:17:01.209Z,tvepisode
237876746,單身即地獄🔥你最喜歡誰？,"https://i.imgur.com/8UxtMmL.jpg
放一張我最喜歡的cp當封面☺️

這部裡我最喜歡的就是～地獄島島主-世勳！
https://i.imgur.com/seOYV56.jpg
他戴眼鏡更好看😎（覺得他有些角度跟南宮珉有點像！）
他是那種越了解就越覺得他是一個很棒的人～
有時很呆有時很暖，就像圭賢說的會想跟他當朋友！
看了他跟素妍爭執那段，還有跟芝燕講開那段後，覺得他真的是一個很勇敢很真誠的人，然後情商也很高，想法也很成熟👍
最後我們的廚子贏來春天啦🥳太替他開心了！

男生第二個就是小狗～賢中
https://i.imgur.com/Mi9m9Ox.jpg
他是我覺得裡面長相最帥的😝
一開始看起來感覺他是那種花心的人，沒想到是個忠心的小狗狗🐶
喜歡他笑起來的樣子～又帥又可愛😍
最後也成功獲得女王芳心🤩
（不過我覺得智雅看起來沒有喜歡他）

女生最喜歡～笑眼藝媛
https://i.imgur.com/UnqGtwH.jpg
她真的很有魅力～！
好喜歡她笑起來的樣子，而且身材也好好，重點是她超可愛超有趣的啦🥰
她感覺在地獄島過得很開心，跟每個人都可以打成一片🤣不過鏡頭超少😢
（跟蜂蜜哥感覺很沒真的互相喜歡的fu）

再來是超愛撥頭髮的～芝燕
https://i.imgur.com/dQZbB2W.jpg
她是那種讓人看了很舒服的長相😍
大概出現畫面一分鐘有59秒都在撥頭髮～
我喜歡她喜歡就出擊，不喜歡就拒絕～
然後很真誠表達自己的感受😌
看起來溫溫弱弱的，但其實很堅強也很有力🤣
然後她穿的衣服都好好看ㄋㄡ～

其實也蠻喜歡新來的兩個女生～
秀敏很陽光正能量的感覺，然後酒窩好可愛😍
敏知長得超像文佳瑛！不笑的時候殺氣很重～我覺得超適合演壞女人角色🤣
好可惜她們太晚才來🥺

放一下我心中配對～
芝燕&世勳💗（好甜啊啊啊）
智雅&炫承（他倆完全互相吸引！超配）

你們最喜歡誰呢？為什麼？
還有心中的配對是什麼呢？",F,,我愛張哲瀚♡,180,22,2022-01-11T15:40:38.038Z,tvepisode
237867746,「單身即地獄」主持人,"只有我覺得那兩個男主持人很像Rio 編跟郭麒麟嗎？
https://i.imgur.com/JZBeDuM.jpg
https://i.imgur.com/MsyfVaG.jpg",M,,國立嘉義大學,114,90,2022-01-10T13:23:15.572Z,tvepisode
237863278,#問題 單身即地獄 是有劇本還是真人秀呢？,"單身即地獄真的很好看
我也在裡面學到一些加分的小技巧
但我有個疑問 這裡面的人都這麼完美 連談吐都毫無缺點
會不會是演的？ 如果真的是毫無劇本 那我只能自嘆不如
要好好加油才行",M,,國立中正大學,74,39,2022-01-10T01:45:55.361Z,tvepisode
237863141,單身即地獄 求BGM,有人知道單身即地獄Ep8開場芝讌撐著傘那裡的背景音樂嗎🙏🏻那段好感人～覺得聲音有點像rosie!,F,,僑光科技大學,2,2,2022-01-10T01:12:35.840Z,tvepisode
237856262,#單身即地獄 結局啦！讓我們一起恭喜他們吧～～🥳🥳,"————————底下全雷—————————









https://i.imgur.com/59H05bF.jpg
我必須先說最後這個結局
身為世勳芝燕cp粉的我真的太太太感動啦～～

先回顧上次世勳選擇要和芝燕到天堂島的時候
一方面會認為世勳好勇敢很支持他
但一方面又覺得這樣好像對芝燕造成困擾不太好

但這週聽完他們的對話
真的覺得 世勳做的太好啦！
沒跨出那步哪還可以吃到芝燕喂的東西🥰
https://i.imgur.com/KtPnmvg.jpg
透過這晚的相處世勳真的成功翻轉芝燕對他的看法

接著到了第7集的結尾


我真的和世勳一樣
超級希望芝燕可以喊出他的名字
https://i.imgur.com/t4MWpCI.jpg

幸好！！！
https://www.dcard.tw/v2/vivid/videos/46881198-7e0e-46bf-aaf4-87df62bbf7c4?r=0.56875
當芝燕說出她的選擇是：文世勳
配上那段bgm的時候 真的太感人啦～～～～



看看他們到了天堂島兩次後 
彼此都離不開對方的眼裡呢😍😍😍
https://i.imgur.com/IarGeKI.jpg
先看到世勳芝燕組基本穩盤後


接著來看看智雅女王與她的狗狗們
https://i.imgur.com/VZJo6n9.jpg
時訓到最後都按照自己的心 真的值得鼓勵
畢竟他對智雅和對其他女生
真的一看就知道有好感的是誰 騙不了人的
https://i.imgur.com/7ArDIzZ.jpg
再來炫承真的是好會 竟然提議一起做水療
第7集這段
真的看的我有夠害羞
https://i.imgur.com/tpsqRX3.jpg
雖然沒誇張的肢體接觸
可是他們兩個人的氛圍 性張力真的太強了啦🔥


只可惜
水療都做了 搔癢也搔了
https://i.imgur.com/lvpwDPT.jpg
智雅女王終究還是選擇了待在身邊最久最忠誠的賢中啦～
https://i.imgur.com/FC9yQD6.jpg
賢中被選到之後還 Ya~~了好長一聲
興奮到想抱著她離開
畢竟真的會有被萬中選一的獲勝感🎉


但能讓我喊出Ya~的終究只有世勳芝燕cp啦😻
他們這段牽手真的啊啊啊啊啊～
甜到我內心啦！
https://i.imgur.com/ibUdYpI.jpg



這次單身即地獄最後成功配對四組
可以算是我看這麼多戀綜以來
成功最多組的一次了 
對我來說算是非常完美的結束(畢竟之前看戀綜的我都沒好下場）
https://i.imgur.com/uujEWOk.jpg
所以在這邊我感謝他們帶給我們這些故事 
也祝他們彼此都永遠幸福～～～～💕💕💕



順帶一提
https://i.imgur.com/2K72Tt6.jpg
有人還記得當時世勳翻到的持之以恆嗎
現在看來 神到我了
https://i.imgur.com/onOpOFG.jpg
我得去買來翻了！",F,,Hsin,1804,78,2022-01-09T04:09:17.802Z,tvepisode
237855898,《單身即地獄》相信解答之書？！（ep7-8),"https://i.imgur.com/Gk40wI5.jpg
終於迎來最終回🥳🤩😍
-
首先來講講世勛吧🤍我上週壓的寶 果然沒壓錯✨嗑死他們這對cp啦！（芝燕一直讓我想起《心動的信號2》凱雯和琦君cp 同樣的巧合是 男生前期都偏孤獨（悲情哈哈哈哈 不過最後抱得美人歸 還是贏家啦～）
https://i.imgur.com/lbc61JR.jpg
蠻多人前期都把世勛當成恐怖情人 死纏爛打 但我並不認為🤔 芝燕只是在幾個瞬間沒get到世勛的魅力 之後感到壓力 直接避而遠之 他們根本從未真正的（無偏見的）認真談話過 事實上也沒認識幾天 （所以他們去天堂島的溝通 是成敗的關鍵🔑）而世勛：「這個選擇完全是為了我自己」這句話真的很貼心 也多少降低了芝燕一點壓力吧
https://i.imgur.com/2NUahnv.jpg
我看這段笑到合不攏嘴 好甜🍯呀！！可能是天堂島的氛圍 芝燕沒那麼排斥世勛了（直接幫忙擦嘴 是什麼意思啦）
https://i.imgur.com/sW3X8kT.jpg
🥺🥺🥺🤍🤍🤍

第二天 輪到芝燕選擇世勛🧃
https://i.imgur.com/iqE8Ut5.jpg
世勛在用餐中 訴說了這些天最幸福的時刻 全部都關於她🥺🤍（怎麼這麼會表達 有些事不閉俗的說出來！真的很加分💯）
https://i.imgur.com/4Md0gES.jpg
講到心結了！👉🏻愛到卡慘死😍😍
https://i.imgur.com/qlSa0zG.jpg
真的佩服你的堅持 帥呆了😎！
https://i.imgur.com/V28X8rO.jpg
芝燕也很辛苦 畢竟感情的壓力肯定是雙線的 這次的談話 對雙方都是解脫😮‍💨
https://i.imgur.com/cItZu61.jpg
你自己都眼眶泛紅了 先生 （想起上一篇就是看你 激動到泛淚 被你的率真圈粉）

談開後 喜迎大結局啦🥂🥂
https://i.imgur.com/C0b5Fpy.jpg
人群裡的互視 對上眼後的莞爾一笑（我真的要發瘋 阿阿阿阿）
https://i.imgur.com/Jqiwpb3.jpg
結束🔚這對真的兩個人都長得太可愛！

題外話
https://i.imgur.com/IFZ7gwl.jpg
沒看過這麼可愛的理由啦！然後韓國人皮膚都完美無瑕欸…
-
https://i.imgur.com/UvKKZ1S.jpg
素妍 這個drama queen 不過我原諒妳 可能是一時糊塗 不計較了👌
https://i.imgur.com/pBuN1HU.jpg
畢竟本人也這麼說了 講開就好講開就好

回到正題 素妍和振澤 唯一一對一起去天堂島三次的cp 👏👏👏
https://i.imgur.com/fKzFPN1.jpg
這個小心機🥴確定本意是要調枕頭😚😚
https://i.imgur.com/IEToIEH.jpg
素妍直接邀請一起睡了啦 太有魅力了哈哈哈 振澤反而一直確認「真的嗎？我真的在這裡睡了哦」好可愛～
https://i.imgur.com/TPUxu3z.jpg
https://i.imgur.com/HjkI46R.jpg
振澤真的很像黑道老大 他們挺配 每次看素妍蓄勢待發地 參加沙灘比賽🏖️ 蠻帶勁 過癮的！！
https://i.imgur.com/gOLF6ep.jpg
這段我真的要笑瘋！藝媛是在ㄎㄧㄤ什麼 可愛死 那鏡頭就轉向妳吧📷
-
https://i.imgur.com/b74EMaZ.jpg
她是這樣形容俊植的😆😆😆

https://i.imgur.com/IlkQwnJ.jpg
最後也是調皮地 牽手成功！💛
藝媛在裡面根本最佳閨（看戲）蜜（人員） 每個人她都關心一下 打探一下～蠻喜歡她的性格的 微沙啞的嗓音也很可愛
-
壓軸隆重登場的 智雅👑 四角戀❣️
https://i.imgur.com/1weWjOv.jpg
在天堂島對炫承說：「你醉了嗎？」
在地獄島對賢中說：「表示會心動」
我們智雅一如既往地 在曖昧的藝術裡遨遊❤️‍🔥❤️‍🔥
https://i.imgur.com/gUD7HxV.jpg
主持人圭賢 說得很對！
https://i.imgur.com/RkoA8ZK.jpg
絕不把話說死…用這種模糊的應對 留給人餘地（其他就是你自己的決定囉～）

https://i.imgur.com/6OiJDW8.jpg
https://i.imgur.com/GSP8RGB.jpg
幸好最後 總是在等待的🐶 成功等到了主人（？）🥰🥰
https://i.imgur.com/HELUgRa.jpg
真的好暢快 賢中感覺憋了一肚子的委屈 終於在如願抱起智雅的那一剎那 得到紓解（這就是我們智雅致命的魅力吧💋）

題外話
https://i.imgur.com/5yBoNf1.jpg
智雅真的太會撩😍😍
-
最後的最後 分享我蠻喜歡的畫面
https://i.imgur.com/2pK0Vbw.jpg
他們這三人的心境 很讓人敬佩👍👍
https://i.imgur.com/WtHRN9s.jpg
https://i.imgur.com/Ikm94oQ.jpg
結束！",F,,漫畫少女,465,24,2022-01-09T02:46:14.083Z,tvepisode
237851882,單身即地獄 結局心得(有雷),"看過同系列的雙層公寓、Heart Signal等節目，單身即地獄真的是最舒服、養眼又刺激的一部，在短短的8集製造了很多有趣的看點。

另外，我覺得這部的主持人也主持得特別好，不過度評判，很適當的呼應了觀眾的心情（其他幾部我都覺得主持人戲份有點太多了，或有時候有點硬要）。

我覺得這部讓人看了很舒服的原因是劇情（不管是不是set好的）很合理，可以理解每個人的心境，惡剪也沒有到太多，大家關係也不錯（但不是假掰的那種不錯），而我認為這點得歸功到剪輯上。我相信在配對的節目中，每個人做選擇一一定都有自己的原因，只是剪輯有沒有剪出這些原因而已；當沒有剪出一個出演者和他選擇的人的love story時，就容易引起爭議，讓觀眾覺得「他怎麼會突然選擇這個人？那之前他曖昧的xxx呢？」

在單身即地獄，就幾乎沒出現過這種爭議（除了素妍和振澤稍微），大家可以放心舒服地看，我覺得是滿好的結局。

以下點評每個出演者和最終選擇。

防雷
防雷
防雷

金賢中（IG: __1126.1) 最終選擇：宋智雅
https://i.imgur.com/Zw2u7jo.png
和宋智雅的love story很吸睛，他把自己比喻成一隻小狗，會隨時守護在智雅身邊。其實我自己看戀愛節目覺得這種男生常常會失敗（哭），但是很高興他在這裡有好結局。

文世勳（IG: moonofsh) 最終選擇：申芝燕
https://i.imgur.com/vXQeCOi.png
我覺得文世勳超級圈粉！很多人在第六集覺得他死纏爛打不會有好結果，但是我覺得在明明就有其他兩個女生可以選的時候，還願意堅持自己的選擇很了不起，而且言談舉止其實他也沒有給芝燕很大的壓力，只是希望有一個好好溝通的機會而已。

一樣，通常感覺這種男生的結局會很失敗，但也超級恭喜文世勳在這裡有好結果！我覺得超級反轉超級帥啊！

金俊植（IG: juncore_）最終選擇：安藝媛
https://i.imgur.com/pjt4WwX.png
節目中份量偏少，因為鏡頭少所以也沒有特別圈到我的點抱歉Q，但是他還是配對成功了，很恭喜他跟藝媛！

崔時訓（IG: choi_hun2) 最終選擇：宋智雅
https://i.imgur.com/Wkxuihk.png
我覺得時訓雖然有點完全輸給智雅和其他追求者的勢頭，但勇於面對自己的感情還是很值得敬佩。了不起的是他明明可以選擇秀敏，秀敏也應該會選擇他，但他還是決定忠於自己的內心。以後他一定會遇到更適合他的女生（畢竟這些人在外面條件一定都超好超多人喜歡的啊....）

吳振澤（好像IG關了）最終選擇：姜素妍
https://i.imgur.com/Uowa43T.png
這對是相對來說不討喜的一對，但我覺得主要是剪輯放大了他們的不討喜之處。來節目我覺得多多了解不同的對象本來就沒有錯，對很多人來說吳振澤可能錯在不該跟素妍說「只會跟你一起來」，但我們沒有人真正知道他們那晚的氣氛和對話模式，說不定他前後也有說，希望多多和別人相處？所以我覺得他們兩個都沒什麼問題，也還是恭喜配對成功。

車炫承（IG: 502bright) 最終選擇：宋智雅
https://i.imgur.com/W6sjiHc.png
他和宣美的影片我看過欸！真的很有魅力，如果是一開始來一定可以收穫更多票。他的人氣也很高，在這情況下還能忠於自己的選擇（宋智雅）我也覺得很了不起。這是我覺得這個節目好看的原因：我覺得大家都很真誠坦率。

申芝燕（IG好像關閉中）最終選澤：文世勳
https://i.imgur.com/kfeufrX.png
我覺得很有魅力的女生，看起來柔柔弱弱但想法很堅定，玩遊戲時也很強大XD，頭腦也很好是高學歷生，和世勳的對話都很坦率，也理解她因為大家都覺得她得選擇世勳感到有壓力，但最後釋懷講開也配對成功真的太好了。

姜素妍（IG: kangsoyeon__）最終選澤：吳振澤
https://i.imgur.com/dkjN6Jd.png
剛說過了，是稍微受到比較多批評的一位，確實光看節目會覺得她給別人的壓力太大了，不過我覺得或許在鏡頭外她也是人很好的一位姊姊，只是剪輯放大了她的煩人之處。最後也都有講開，所以還是很恭喜她和吳振澤配對成功。

安藝媛（IG: yeah.w__）最終選擇：金俊植
https://i.imgur.com/6hJxyun.png
鏡頭很少的一對，但藝媛其實很圈粉，在誘惑(?) 車炫承和各種片段都看的出來是很可愛個性很好的女生，鏡頭少但還是配對成功了很恭喜。

宋智雅（IG: dear.zia）最終選擇：金賢中
https://i.imgur.com/UbiQlbj.png
完全就是這齣節目的流量代表，一堆討論她的文，簡直超紅。她的選擇也是最有看點的。應該滿多人支持她選賢中，但以為她會被很帥的車炫承吸引吧。我覺得真的通常這種戀愛節目這種女生就會選擇車炫承！所以超高興智雅還是選擇了會默默守護她的小狗狗~~

金秀敏（IG: sumesume_）沒有被選擇（哭）
https://i.imgur.com/cW4NT3o.png
我覺得純淨清純笑起來超漂亮的！但是總覺得這種戀愛節目每次晚來的都超吃虧，除非魅力爆棚。秀敏其實在節目裡是相對比較務實理性的（知道世勳沒希望，也有嘗試和時訓相處），很可惜吃了太晚來的虧，但沒關係反正他們條件都超好根本不用替他們擔心。

成敏知（IG: im_min.vely）最終沒有被選擇（哭）
https://i.imgur.com/r9hXBPW.png
敏知很有一種大小姐、倔強的魅力，比較可惜的是知道和世勳沒希望後很少笑（其實甚至有時覺得她臉有點臭Q），也和秀敏一樣吃了晚來的虧，但沒關係他們以後都會遇到很好的人的！

你覺得結局怎樣呢~~~是你吃的cp嗎!! 歡迎討論XD 
剛看完覺得好不過癮哈哈~

原文：https://www.popdaily.com.tw/forum/korea/1206686",F,,國立臺灣大學,180,23,2022-01-08T10:56:18.289Z,tvepisode
237851196,👹單身即地獄（有雷⚡️）素人介紹+個人觀感💗,"因為還沒播完全部，所以個人觀感可能會再陸續補充✨
評分：5/5
以看過一堆有的沒的戀綜的我來說，真的覺得很好看，而且節目組找的都是俊男美女身材又好，帥哥美女的戀愛誰不愛ㄋ

🌸女生篇

😈芝燕 @jiiiyeonie__
第一印象我最喜歡的女孩！看起來就有知性美，是有氣質的腦性女子💗看起來柔弱的外表下，藏著堅強好勝不服輸的堅強個性，是個很有自己想法、獨立自主的女孩。

😈藝媛 @yeah.w__
一開始真的是很邊緣的角色，明明是個很可愛大方搞笑古靈精怪的女孩，還很會照顧別人的心情、替他人著想，不懂為什麼沒人注意到她，她的畫面很少！！聲音超可愛讓我想到偶一天的女主。一開始可能因畫面少大觀眾容易忽略她，但在第六集跟新加入的炫承單獨聊的時候真的完全魅力四射，愛爆她誒！

😈素妍 @kangsoyeon__
一開始覺得她是灑脫開朗的健康歐美女孩，但後面劇情愈來愈詭異，雖然說她很「坦率」、毫無顧忌地表達出她的情感，但情商卻不高，不太懂說話的藝術和技巧，反而會讓人感覺到她的尖銳而不舒服。而且明明這是個戀愛節目，本來就沒有規定只能喜歡一個人，更何況這些素人才剛認識沒幾天，本來就不太可能那麼快就確認自己的心意，畢竟連對方是個怎麼樣的人都還在慢慢了解當中，所以振澤今天對她有興趣，但明天有機會和其他女生接觸，突然發現其他人的魅力、被吸引也不是過錯，素妍卻一直「到處講」她跟振澤、世勳之間的事情，還一直希望別人指點她、安慰自己（賢中自己也在忙著智雅的事，根本沒心力也沒興趣參和你們之間的事好嗎= =）

有些事人家自己心裡知道，不需要挑明講，世勳自己也有能力判斷要不要繼續自己那沒有結果的情感，他也許知道必須放棄，但他還需要整理自己的心情、用時間淡化之類等等的，但被一個「旁人」以「擔心你」的名義直接戳心裡痛楚當然會崩潰傷自尊，更何況她不是單純地想關心自己，可能還夾雜著把自己當備胎的想法才來關心自己，任誰都無法接受啊，QQ世勳
（剛好看到那一段我的火上來了，不小心打了一大串ㄏㄏ）

😈智雅 @dear.zia
一開始的出場就很有氣勢、吸引大家的目光，很會穿搭、很有自信，也很了解自己的魅力點，所以很懂得散發個人魅力。而且她也很會稱讚人、很會捕捉別人的閃光點然後說出來讓對方知道，相處中偶爾會撩對方，所以總是能讓人在跟她相處的時候不自覺地被她吸引，是個可愛性感神秘高級像貓一樣的厲害角色✨
（不得不說真的有一點我本命Jennie的感覺，可能是因為肩膀和鎖骨很好看？✨好香）

😈金秀敏 @sumesume
個性溫和活潑開朗好聊，是個像白開水、微風般淡淡地觀察、為自己爭取機會的女孩，蠻期待她跟世勳之後的發展🤩

😈成敏知 @im_min.vely
因為才剛加入不久，我還不是很了解她，只知道她很愛玩遊戲，喜歡hip pop 音樂，是個蠻酷的女生。目前只知道對世勳有興趣，但因為興趣太不合了，所以擔心之後的發展，覺得秀敏比較適合世勳耶⋯個人感想✌️

🌸男生篇

😈時訓 @choi_hun2
一出場大家就說他長得像愛豆，但我是覺得還好捏～時訓身板比較薄，看起來很瘦，但脫掉上衣後還是有腹肌的ㄌㄚ～皮膚白白的，看起來年紀很小很嫩，但實際上已經30了哦！我當時看到的時候有被嚇到

😈世勳 @moonofsh
地獄島御用煮飯大師👨‍🍳
對不起一開始一直覺得他給人的感覺有宅宅fu,沒想到世勳運動神經那麼好，每次比賽都跑第一！前面看到他的部分真的會替他難過心痛，後面世勳的春天終於要來了🥳期待期待


😈賢中 @1126.1
真的長得很帥身材好比例又好，我相信大家第一眼看過去所有男嘉賓一定覺得他是顏值最高的！（在炫承來之前我也是這麼認為哈哈）很單一專情地朝智雅猛烈進攻，但又會給智雅空間讓她思考，不施加壓力給喜歡的女孩，這點真的很棒，感受到危機吃醋的時候啊還會用自己的方式撒個嬌😆他就是個眼睛裡只有智雅，不會主動去接觸其他女生的人，有時候我覺得他給人的感覺有點悶？有點封閉自己的感覺～

😈吳振澤 @timelessbruno
對他個性沒什麼好描述的誒，我也不太清楚他的心意到底是什麼，只特別注意到他有胸毛🤣

😈金俊植 @juncore_
跟藝媛一樣的邊緣角色，看起來不太高但肌肉也很結實，鏡頭真的太少了所以我對他沒有什麼深入的了解，他也好像蠻少提到自己的

😈車炫承 @502bright
第一眼登場時遠遠看他走過來，感覺有當男人戀愛時阿成的fu!
很帥欸🤤而且他有種特別的魔力，一開始以為很難親近，但是跟他聊過天的人都會說他與外表完全不同，是個很溫和的人，然後我慢慢覺得他比金賢中好看了哈哈哈💗特別是笑起來好可愛，跟不笑的時候反差很大
不笑的時候就是很性感很派，但笑起來兩隻眼睛眼睛彎彎的嘴巴牙齒也很好看！
（從第一眼就一直覺得炫承長得很眼熟，特別是笑起來的眼睛和鼻子，原來有一滴滴像劉宇寧！個人感受😆）

https://i.imgur.com/oOSFagj.jpg",F,,微糖微冰加珍珠,88,11,2022-01-08T08:40:27.741Z,tvepisode
237814447,《單身即地獄》令人心跳加速的反轉❤️‍🔥❤️‍🔥（ep1-6),"https://i.imgur.com/sLhWN5I.jpg
https://i.imgur.com/YdxLlDw.jpg
莫名的喜感🤣🤣就把你們當成首圖吧！
-
首先來盤點 我們智雅👑 
無處安放的魅力吧💋✨
https://i.imgur.com/IeyaYmp.jpg
這應該是我看過最有魅力的兩個字吧！
先是口頭說自己的理想型是可靠的오빠  
在晚上的字條裡加了 「？」 一切都在不言中的調情 到底誰受得了啦！！
https://i.imgur.com/vaGpG6Z.jpg
於是我們賢中被收服了🐶✔️
-
https://i.imgur.com/7RXoMjL.jpg
第二位暈船的小朋友 時（展）訓（瑞）
其實他能約到智雅 我覺得他是聰明的👌
他可能也料到第一次約 他沒有勝算 所以約了比較有把握的芝燕（也是過往他的菜）他比較能掌控一切（約會中他也確實游刃有餘）
第二次果然小巫見大巫 被智雅狠狠的把控了一番（只能說越級打怪了）不好意思😅
https://i.imgur.com/VxcwJOZ.jpg
言語攻擊🎯第一彈
https://i.imgur.com/ftw1DLi.jpg
身材攻擊🎯第二彈
https://i.imgur.com/p380AOq.jpg
K.O🥊 時訓 也被收服了✔️
-
https://i.imgur.com/rFP8ZVB.jpg
對待新來的 炫承 這一幕我也是看傻了！
靠近你的耳邊 輕聲的說：（對你的初印象是）性感 到底哪個男人不淪陷？
這波操作騷得我甘拜下風👏👏
至於有無被收服 讓我們繼續看下去…
-
https://i.imgur.com/vG4xs5Z.jpg
來講講裡面 我最喜歡的人吧 世勛💗
是從什麼時候開始 粉上你的呢
勤勞做飯的時候嗎 ：不是
跑步第一的時候嗎 ：不是
是這齣drama 的時候 ⭕️
https://i.imgur.com/zPlkTZT.jpg
此女 素妍（本季我覺得最婊之女 下集分解👌）
https://i.imgur.com/9qjk3Kh.jpg
這時我對你的愛 已經無法自拔的upupup 
與敏知的對話 怎麼這麼可愛啦☺️☺️☺️
https://i.imgur.com/LPCZMEC.jpg
主持人們的表情 也是好可愛🥳💛
https://i.imgur.com/QtsXn2Q.jpg
終於要來講 我標題的伏筆了！
其實從世勛贏了比賽要選人開始
我就暗暗希望他選芝燕（自己最初 也最心動的人）雖然可能會給芝燕帶來困擾 但這機會何嘗不是一次好好講開 甚至改觀（我私心）的機會 這個選擇也代表著世勛不是那種 失敗後就將就的人（如果他選其他兩女的話）對我來說 真的超有魅力的🖤🖤
-
https://i.imgur.com/ptFhI7U.jpg
你也是可愛到出乎我的意料 這個決定既精彩又令人興奮（怕之後打臉發不出來 所以先發 先讚美一波 之後的事之後再說 畢竟事事難料（預防針））
-
還有好幾點想分享 之後大結局再見吧（更）

比如鬍子男（男人的嘴 騙人的鬼）
https://i.imgur.com/MAhwd5B.jpg
比如素妍（自嗨➕見風轉舵型玩家）
https://i.imgur.com/hG4wpQE.jpg
真的不對欸…
https://i.imgur.com/q7ajN9H.jpg
比如藝媛和炫承（那段超可愛對話🤍）
https://i.imgur.com/zDfnvKX.jpg
https://i.imgur.com/dqv7tth.jpg
https://i.imgur.com/5hZOB2l.jpg
說實在 我挺失望炫承沒選她
果然 男人呀‼️‼️‼️",F,,漫畫少女,201,31,2022-01-03T12:51:04.390Z,tvepisode
237813095,#單身即地獄為什麼成員沒有互相追蹤,"如上
為什麼單身即地獄的成員在其他成員貼文按讚
但怎麼每個都沒有互相追蹤？？？
是韓國演戲不成文規定嗎
不只一個演員
是所有的每個人都沒有互相追蹤
但都有按讚對方貼文
https://i.imgur.com/fWLgbR9.jpg",F,,國立政治大學,42,21,2022-01-03T09:45:34.329Z,tvepisode
237804703,#單身即地獄 #討論 反轉再反轉的ep6,"———————以下滿滿的雷——————






https://i.imgur.com/ObNT1W7.jpg
這禮拜好精彩
一次加入三個人 把戰局打的更混亂了
其中宣美的男舞者 巧克力歐巴
果然不枉費之前的期待
ㄧ來男嘉賓幾乎都備感威脅到不行

不過之前在地獄待太久的世勳終於吃到甜頭了
https://i.imgur.com/Y4zy2zU.jpg
先恭喜他🎉真的是從地獄到天堂
新來的兩個女生都想選他
沒讓他在這裡煮飯流的汗白費了

https://i.imgur.com/oXukswa.jpg
但這禮拜的結尾還是驚呆我了
想說他要去天堂島在猶豫的兩個人
應該就是新來的兩個女生吧
沒想到芝燕還是離不開他的心啊～真是專情

我也超喜歡芝燕
雖然想和世勳聊聊
但會想選擇在他去完天堂島之後
因為不想讓世勳混淆認為她想去天堂島才這樣
真的很有禮貌
（不過她應該沒料到會一起去天堂聊哈哈哈哈）

再來智雅女王真的好強好強
https://i.imgur.com/OXME6Hq.jpg
雖然用眼神拒絕時訓
但不會給人很不愉快的感覺
https://i.imgur.com/RLApdsU.jpg
前面想說和賢中越來越穩定了
誰知道符合她理想的 
性感又溫和的男人竟然會出現 危機啊危機


https://i.imgur.com/duCv6KP.jpg
https://i.imgur.com/sWZ9PSJ.jpg
這禮拜另外一個震驚點是
炫承在和藝媛聊完後感覺有被她吸引
想說應該會想了解她 跟她一起去天堂島
結果他還是選擇了智雅女王


這裡有點小小小失望
畢竟藝媛真的好可愛 跟炫承可以多聊聊也不錯
加上智雅女王太多人喜歡了 
真的再多一個也太修羅場啦～～～",F,,Hsin,551,75,2022-01-02T04:53:03.000Z,tvepisode
