id,actor_number,actor
96462,1,Kim Soo-hyun
96462,2,Seo Yea-ji
96462,3,Park Gyu-young
96462,4,Oh Jung-se
96462,5,Park Jin-joo
96462,6,Kim Chang-wan
96462,7,Jang Young-nam
96462,8,Kim Mi-kyeong
96462,9,Kang Ki-doong
99491,1,Lee Joon-hyuk
99491,2,Hwang Jung-eum
99491,3,Yook Sung-jae
99491,4,Choi Won-young
99491,5,Kim Yong-geon
99491,6,Kim Mi-kyeong
99491,7,Jeong Da-eun
99491,8,Ahn Tae-hwan
99491,9,Park Eun-hye
96161,1,Song Ji-hyo
96161,2,Son Ho-jun
96161,3,Song Jong-ho
96161,4,Kim Min-jun
96161,5,Koo Ja-sung
96161,6,Kim Da-som
96161,7,Kim Mi-kyeong
96161,8,Jin Hee-kyung
96161,9,Oh Hee-joon
96102,1,Cho Jung-seok
96102,2,Kim Dae-myung
96102,3,Jung Kyung-ho
96102,4,Yoo Yeon-seok
96102,5,Jeon Mi-do
96102,6,Kim Hae-sook
96102,7,Shin Hyun-bin
96102,8,Jung Moon-sung
96102,9,Cho Yi-hyun
94796,1,Choi Ji-woo
94796,2,Hyun Bin
94796,3,Son Ye-jin
94796,4,Seo Ji-hye
94796,5,Jeon Kuk-hwan
94796,6,Jung Ae-ri
94796,7,Yang Gyeong-won
94796,8,Lee Sin-young
94796,9,Kim Jung-hyun
70626,1,Cho Seung-woo
70626,2,Bae Doo-na
70626,3,Lee Jun-hyuk
70626,4,Yoon Se-ah
70626,5,Choi Jae-woong
70626,6,Jeon Bae-soo
70626,7,Park Seong-geun
70626,8,Lee Kyoo-hyung
70626,9,Shin Hye-sun
107851,1,Han Soo-a
107851,2,Song Chae-yoon
107851,3,Kim Jin-hee
107851,4,Han Ga-Rim
107851,5,Jung Young-ki
107851,6,Joo Bo-bi
107851,7,Kim Ye-ji
99047,1,Park Bo-gum
99047,2,Park So-dam
99047,3,Byeon Woo-seok
99047,4,Lee Chang-hoon
99047,5,Jo Yoon Jung
99047,6,Kwon Soo-hyun
99047,7,Ha Hee-ra
99047,8,Shin Ae-ra
99047,9,Han Jin-hee
87313,1,Jung Yu-mi
87313,2,Nam Joo-hyuk
87313,3,Hyun Woo-seok
87313,4,Park Hae-eun
87313,5,Kwon Young-chan
87313,6,Park Se-jin
87313,7,Shim Dal-gi
87313,8,Lee Suk-hyeong
87313,9,Oh Gyeong-hwa
84327,1,Yum Jung-ah
84327,2,Yoon Se-ah
84327,3,Lee Tae-ran
84327,4,Kim Seo-hyung
84327,5,Oh Na-ra
84327,6,Jung Joon-ho
84327,7,Choi Won-young
84327,8,Kim Byung-chul
84327,9,Kim Bo-ra
106465,1,Go Ah-ra
106465,2,Lee Jae-wook
106465,3,Kim Ju-hun
106465,4,Shin Eun-soo
106465,5,Ye Ji-won
106465,6,Lee Soon-jae
106465,7,Moon Hee-kyung
106465,8,Seo Yi-sook
106465,9,Choi Gwang-il
107442,1,Seohyun
107442,2,Go Kyung-pyo
107442,3,Kim Young-min
107442,4,Kim Hyo-jin
107442,5,Tae Won-seok
107442,6,Lee Hak-joo
107442,7,Song Seon-mi
107442,8,Yoon Sa-Bong
107442,9,Yoo Hee-je
99048,1,Bae Suzy
99048,2,Nam Joo-hyuk
99048,3,Kim Seon-ho
99048,4,Kang Han-na
99048,5,Kim Hae-sook
99048,6,Kim Do-wan
99048,7,Kim Won-hae
99048,8,Song Seon-mi
99048,9,Yoo Su-bin
113268,1,Cho Byeong-kyu
113268,2,Yu Jun-sang
113268,3,Kim Se-jeong
113268,4,Yeom Hye-ran
113268,5,Ahn Suk-hwan
113268,6,Moon Sook
113268,7,Kim So-ra
113268,8,Lee Hong-nae
113268,9,Choi Yoon-young
96648,1,Song Kang
96648,2,Lee Jin-wook
96648,3,Lee Si-young
96648,4,Lee Do-hyun
96648,5,Kim Nam-hee
96648,6,Go Min-si
96648,7,Park Gyu-young
96648,8,Go Youn-jung
96648,9,Kim Kap-soo
113710,1,Ji Chang-wook
113710,2,Kim Ji-won
113710,3,Kim Min-seok
113710,4,So Joo-yeon
113710,5,Ryu Kyung-soo
113710,6,Han Ji-eun
113710,7,Choi Min-ho
113710,8,Lee Suk-hyeong
113710,9,Lee Sang-wu
113240,1,Yim Si-wan
113240,2,Shin Se-kyung
113240,3,Choi Soo-young
113240,4,Kang Tae-oh
113240,5,Lee Bong-ryeon
113240,6,Lee Jung-ha
113240,7,Park Sung-joon
113240,8,Park Young-kyu
113240,9,Cha Hwa-yeon
70593,1,Ju Ji-hoon
70593,2,Ryu Seung-ryong
70593,3,Bae Doo-na
70593,4,Kim Sang-ho
70593,5,Kim Sung-kyu
70593,6,Jun Suk-ho
70593,7,Kim Hye-jun
70593,8,Heo Joon-ho
70593,9,Park Byung-eun
113622,1,Cho Seung-woo
113622,2,Park Shin-hye
113622,3,Chae Jong-hyeop
113622,4,Sung Dong-il
113622,5,Tae In-ho
113622,6,Tae Won-seok
113622,7,Jeon Kuk-hwan
113622,8,Heo Joon-seok
113622,9,Jung Hye-in
117376,1,Song Joong-ki
117376,2,Jeon Yeo-been
117376,3,Ok Taec-yeon
117376,4,You Chea-myung
117376,5,Kim Yeo-jin
117376,6,Kwak Dong-yeon
117376,7,Jo Han-chul
117376,8,Lee Hang-na
117376,9,Choi Deok-moon
116041,1,Sung Hoon
116041,2,Lee Ga-Ryeong
116041,3,Lee Tae-gon
116041,4,Park Joo-mi
116041,5,Jeon No-min
116041,6,Jeon Soo-kyung
116041,7,Kim Eung-soo
116041,8,Kim Bo-yeon
116041,9,Jeon Hye-Won
89641,1,Kim So-hyun
89641,2,Jung Ga-ram
89641,3,Song Kang
89641,4,Go Min-si
89641,5,Lee Jae-eung
89641,6,Kim Si-eun
89641,7,Song Seon-mi
89641,8,Shim Yi-young
89641,9,Kim Young-pil
119773,1,Kim Myung-min
119773,2,Kim Bum
119773,3,Ryu Hye-young
119773,4,Lee Jung-eun
119773,5,Park Hyuk-kwon
119773,6,Ahn Nae-sang
119773,7,Jung Won-joong
119773,8,Lee Soo-kyung
119773,9,Lee Da-wit
119464,1,Park In-hwan
119464,2,Song Kang
119464,3,Na Moon-hee
119464,4,Hong Seung-hee
119464,5,Kim Tae-hun
119464,6,Kim Soo-jin
119464,7,Yoon Ji-hye
119464,8,Lee So-yeong
119464,9,Jung Hae-kyun
86640,1,Song Sae-byuk
86640,2,Go Joon-hee
86640,3,Jeong-hun Yeon
86640,4,Jo Han-sun
86640,5,Lee Won-jong
86640,6,Park Jin-woo
86640,7,Kwon Hyuk-hyun
124426,1,Lee Bo-young
124426,2,Kim Seo-hyung
124426,3,Lee Hyun-wook
124426,4,Ok Ja-yeon
124426,5,Cha Hak-yeon
124426,6,Jung Yi-seo
124426,7,Park Hyuk-kwon
124426,8,Park Won-sook
124426,9,Jung Dong-hwan
96571,1,Lee Je-hoon
96571,2,Tang Jun-sang
96571,3,Hong Seung-hee
96571,4,Ji Jin-hee
96571,5,Seok-yong Jeong
96571,6,Jung Young-ju
96571,7,Lee Moon-sik
96571,8,Im Won-hee
96571,9,Jung Ae-yeun
126035,1,Han So-hee
126035,2,Song Kang
126035,3,Chae Jong-hyeop
126035,4,Lee Yul-eum
126035,5,Yang Hye-ji
126035,6,Kim Min-gwi
126035,7,Lee Ho-jung
126035,8,Yoon Seo-ah
126035,9,Jeong Jae-kwang
125437,1,Tang Jun-sang
125437,2,Son Sang-yeon
125437,3,Kim Kang-hoon
125437,4,Choi Hyun-wook
125437,5,Lee Jae-in
125437,6,Lee Ji-won
125437,7,Kim Sang-kyung
125437,8,Oh Na-ra
125437,9,Ahn Se-bin
126698,1,Seo Hyun-jin
126698,2,Kim Dong-wook
126698,3,Yoon Park
126698,4,Nam Gyu-ri
126698,5,Han Min
126698,6,Kim Ye-won
79434,1,Park Seo-jun
79434,2,Park Min-young
79434,3,Lee Tae-hwan
79434,4,Pyo Ye-jin
79434,5,Kim Hye-ok
79434,6,Kim Byeong-Ok
79434,7,Kang Ki-young
79434,8,Hwang Chan-sung
79434,9,Lee Yoo-jun
78796,1,Lee Joon-gi
78796,2,Seo Yea-ji
78796,3,Lee Hye-young
78796,4,Choi Min-soo
78796,5,Yeom Hye-ran
78796,6,Ahn Nae-sang
78796,7,Lee Han-wi
78796,8,Lee Dae-yeon
78796,9,Choi Dae-hoon
90447,1,IU
90447,2,Yeo Jin-goo
90447,3,Shin Jung-geun
90447,4,Bae Hae-sun
90447,5,Pyo Ji-hoon
90447,6,Lee Do-hyun
90447,7,Kang Mi-na
90447,8,Cho Hyun-chul
90447,9,Seo Yi-sook
110534,1,Jung Hae-in
110534,2,Koo Kyo-hwan
110534,3,Kim Sung-kyun
110534,4,Son Suk-ku
110534,5,Shin Seung-ho
110534,6,Cho Hyun-chul
110534,7,Park Se-jun
110534,8,Hyun Bong-sik
110534,9,Kim Beom-soo
128883,1,Shin Min-a
128883,2,Kim Seon-ho
128883,3,Lee Sang-yi
128883,4,Gong Min-jeung
128883,5,Kim Young-ok
128883,6,Jo Han-chul
128883,7,In Gyo-jin
128883,8,Lee Bong-ryeon
128883,9,Cha Chung-hwa
90706,1,Ji Sung
90706,2,Lee Se-young
90706,3,Lee Kyoo-hyung
90706,4,Kim Hye-eun
90706,5,Shin Dong-mi
90706,6,Jeon No-min
90706,7,Uhm Hyo-seop
90706,8,Oh Seung-hyun
90706,9,Jeong In-gi
93405,1,Lee Jung-jae
93405,2,Park Hae-soo
93405,3,Jung Ho-yeon
93405,4,Wi Ha-jun
93405,5,Oh Young-soo
93405,6,Heo Sung-tae
93405,7,Kim Joo-ryoung
93405,8,Anupam Tripathi
93405,9,Lee You-mi
74076,1,Yoo Ji-tae
74076,2,Woo Do-hwan
74076,3,Ryu Hwa-young
74076,4,Jo Jae-yoon
74076,5,Kim Hye-seong
74076,6,Hong Soo-hyun
74076,7,Choi Won-young
74076,8,Jang Hyuk-jin
74076,9,Park In-hwan
129478,1,Park Eun-bin
129478,2,Rowoon
129478,3,Nam Yoon-su
129478,4,Bae Yoon-kyung
129478,5,Choi Byung-chan
129478,6,Lee Pil-mo
129478,7,Baek Hyun-joo
129478,8,Go Gyu-pil
129478,9,Jung Chae-yeon
110356,1,Han So-hee
110356,2,Park Hee-soon
110356,3,Ahn Bo-hyun
110356,4,Kim Sang-ho
110356,5,Lee Hak-joo
110356,6,Chang Ryul
110356,7,Moon Sang-min
110356,8,Yoon Kyung-ho
110356,9,Hong Woo-jin
129475,1,Lee Young-ae
129475,2,Kim Hye-jun
129475,3,Kim Hae-sook
129475,4,Kwak Sun-young
129475,5,Baek Sung-chul
129475,6,Cho Hyun-chul
129475,7,Lee Hong-nae
129475,8,Seok-yong Jeong
129475,9,Jung Jong-joon
80737,1,Im Soo-hyang
80737,2,Cha Eun-woo
80737,3,Jo Woo-Ri
80737,4,Kwak Dong-yeon
80737,5,Park Joo-mi
80737,6,Kim Ji-Min
80737,7,Lee Tae-seon
80737,8,Woo Hyeon
80737,9,Min Do-hee
76715,1,Kim Nam-ju
76715,2,Ji Jin-hee
76715,3,Jeon Hye-jin
76715,4,Im Tae-kyung
76715,5,Go Joon
76715,6,Jin Ki-joo
76715,7,Ahn Nae-sang
76715,8,Lee Kyung-young
76715,9,Lee Sung-wook
106651,1,Yoo Ah-in
106651,2,Kim Hyun-joo
106651,3,Park Jeong-min
106651,4,Won Jin-a
106651,5,Yang Ik-june
106651,6,Kim Do-yoon
106651,7,Kim Shin-rok
106651,8,Ryu Kyung-soo
106651,9,Lee Re
82237,1,Seo Hyun-jin
82237,2,Lee Min-ki
82237,3,Lee Da-hee
82237,4,Ahn Jae-hyun
82237,5,Lee Tae-ri
82237,6,Moon Ji-In
82237,7,Na Young-hee
82237,8,Lee Moon-Su
82237,9,Kang Nam-Gil
135897,1,Choi Woo-shik
135897,2,Kim Da-mi
135897,3,Kim Sung-cheol
135897,4,Roh Jeong-eui
135897,5,Ahn Dong-goo
135897,6,Jeon Hye-Won
135897,7,Park Jin-joo
135897,8,Lee Jun-hyuk
137520,1,Lee Jin-wook
137520,2,Kwon Na-ra
137520,3,Lee Joon
137520,4,Gong Seung-yeon
137520,5,Jung Jin-young
137520,6,Kim Woo-seok
137520,7,Park Myung-shin
137520,8,Lee Young-lan
137520,9,Choi Jae-woong
96777,1,Bae Doo-na
96777,2,Gong Yoo
96777,3,Lee Joon
96777,4,Kim Sun-young
96777,5,Lee Mu-saeng
96777,6,Lee Sung-wook
96777,7,Jeong Soon-won
96777,8,Choi Young-woo
96777,9,Cha Rae-hyung
139798,1,Song Jia
139798,2,Hanhae
139798,3,Cho Kyu-hyun
139798,4,Hong Jin-kyung
139798,5,Choi Shi-hoon
139798,6,Lee Da-hee
99966,1,Park Ji-hu
99966,2,Yoon Chan-young
99966,3,Cho Yi-hyun
99966,4,Lomon
99966,5,Yoo In-soo
99966,6,Lee You-mi
99966,7,Kim Byung-chul
99966,8,Lee Kyoo-hyung
99966,9,Jeon Bae-soo
83941,1,Song Hye-kyo
83941,2,Park Bo-gum
83941,3,Jang Seung-jo
83941,4,Moon Sung-keun
83941,5,Nam Gi-ae
83941,6,Pyo Ji-hoon
83941,7,Ko Chang-seok
83941,8,Shin Jung-geun
83941,9,Kwak Sun-young
152511,1,Park Min-young
152511,2,Song Kang
152511,3,Yoon Park
152511,4,Yura
152511,5,Jung Woon-Sun
152511,6,Yoon Sa-Bong
152511,7,Kim Mi-kyeong
152511,8,Bae Myung-jin
152511,9,Moon Tae-yu
131028,1,Son Ye-jin
131028,2,Jeon Mi-do
131028,3,Kim Ji-hyun
131028,4,Yeon Woo-jin
131028,5,Lee Mu-saeng
131028,6,Lee Tae-hwan
131028,7,An So-hee
131028,8,Kang Mal-geum
131028,9,Seo Hyun-chul
129888,1,Kim Tae-ri
129888,2,Nam Joo-hyuk
129888,3,Bona
129888,4,Choi Hyun-wook
129888,5,Lee Joo-myung
129888,6,Moon Woo-Bin
129888,7,So Hee-jung
129888,8,Bang Eun-jung
129888,9,Kim Yeong-seon
112833,1,Kim Hye-soo
112833,2,Kim Moo-yul
112833,3,Lee Sung-min
112833,4,Lee Jung-eun
112833,5,Lee Sang-hee
112833,6,Park Ji-yeon
112833,7,Shin Jae-hwi
112833,8,Geum Gwang-san
112833,9,Park Jong-hwan
154825,1,Ahn Hyo-seop
154825,2,Kim Se-jeong
154825,3,Kim Min-gue
154825,4,Seol In-a
154825,5,Lee Duck-hwa
154825,6,Kim Kwang-kyu
154825,7,Jung Young-ju
154825,8,Kim Hyun-sook
154825,9,Song Won-seok
97488,1,Uhm Ji-won
97488,2,Sung Dong-il
97488,3,Cho Min-soo
97488,4,Jung Ji-so
97488,5,Jung Moon-sung
97488,6,Kim Min-jae
97488,7,Kim In-kwon
97488,8,Go Gyu-pil
97488,9,Lee Joong-ok
95067,1,Seo Hyun-jin
95067,2,Ra Mi-ran
95067,3,Ha Jun
95067,4,Lee Chang-hoon
95067,5,Lee Yun-hui
95067,6,Kim Hong-pa
95067,7,Ye Soo-jung
95067,8,Jo Yeon-hee
95067,9,Jung Hae-kyun
136369,1,Kim Chae-eun
136369,2,Rowoon
136369,3,Kim Hee-seon
136369,4,Lee Soo-hyuk
136369,5,Moon Seo-Yoon
136369,6,Kim Si-eun
136369,7,Ryu Sung-rok
136369,8,Yoon Ji-on
136369,9,Kim Nu-ri
135840,1,Lee Byung-hun
135840,2,Shin Min-a
135840,3,Cha Seung-won
135840,4,Lee Jung-eun
135840,5,Uhm Jung-hwa
135840,6,Kim Woo-bin
135840,7,Han Ji-min
135840,8,Bae Hyun-sung
135840,9,Yang Hee-kyung
154887,1,Lee Min-ki
154887,2,Kim Ji-won
154887,3,Son Suk-ku
154887,4,Lee El
154887,5,Cheon Ho-jin
154887,6,Lee Ki-woo
154887,7,Jeon Hye-jin
154887,8,Jeon Soo-jin
154887,9,Park So-Ri
