Year,Week,Ranking,TV,movie_zh_name,first_air_date,category,origin_country,original_language
2020,33,1,It's Okay to Not Be Okay,雖然是精神病但沒關係,2020/6/20,"浪漫, 喜劇",KR,ko
2020,33,2,Bimilui Soop,秘密森林,2017/6/10,"犯罪, 驚悚",KR,ko
2020,33,3,Three Kingdoms,三國,2010-05-02,,CN,zh
2020,33,4,Hospital Playlist,機智醫生生活,2020/3/12,醫療,KR,ko
2020,33,5,The Umbrella Academy,雨傘學院,2019/2/15,,US,en
2020,33,6,Was It Love,我們，愛過嗎？,2020-07-08,"浪漫, 喜劇",KR,ko
2020,33,7,Reply 1988,請回答 1988,2015-11-06,"浪漫, 喜劇",KR,ko
2020,33,8,Mr. Sunshine,陽光先生,2018-07-07,"浪漫, 政治",KR,ko
2020,33,9,Scarlet Heart: Ryeo,月之戀人－步步驚心：麗,2016-08-29,"浪漫, 書籍改編",KR,ko
2020,33,10,Crash Landing on You,愛的迫降,2019/12/14,"浪漫, 喜劇",KR,ko
2020,33,11,Dark Desire,暗慾,2020/7/15,,MX,es
2020,34,1,Bimilui Soop,秘密森林,2017/6/10,"犯罪, 驚悚",KR,ko
2020,34,2,It's Okay to Not Be Okay,雖然是精神病但沒關係,2020/6/20,"浪漫, 喜劇",KR,ko
2020,34,3,Hospital Playlist,機智醫生生活,2020/3/12,醫療,KR,ko
2020,34,4,Was It Love,我們，愛過嗎？,2020-07-08,"浪漫, 喜劇",KR,ko
2020,34,5,Three Kingdoms,三國,2010-05-02,,CN,zh
2020,34,6,Reply 1988,請回答 1988,2015-11-06,"浪漫, 喜劇",KR,ko
2020,34,7,Goedam,韓國都市怪談,2020/8/20,恐怖,KR,ko
2020,34,8,Scarlet Heart: Ryeo,月之戀人－步步驚心：麗,2016-08-29,"浪漫, 書籍改編",KR,ko
2020,34,9,Mr. Sunshine,陽光先生,2018-07-07,"浪漫, 政治",KR,ko
2020,34,10,The Umbrella Academy,雨傘學院,2019/2/15,,US,en
2020,35,1,Bimilui Soop,秘密森林,2017/6/10,"犯罪, 驚悚",KR,ko
2020,35,2,Goedam,韓國都市怪談,2020/8/20,恐怖,KR,ko
2020,35,3,It's Okay to Not Be Okay,雖然是精神病但沒關係,2020/6/20,"浪漫, 喜劇",KR,ko
2020,35,4,Hospital Playlist,機智醫生生活,2020/3/12,醫療,KR,ko
2020,35,5,Was It Love,我們，愛過嗎？,2020-07-08,"浪漫, 喜劇",KR,ko
2020,35,6,Lucifer,魔鬼神探,2016/1/25,,US,en
2020,35,7,Reply 1988,請回答 1988,2015-11-06,"浪漫, 喜劇",KR,ko
2020,35,8,The Good Detective,模範刑警,2020-07-06,"犯罪, 驚悚",KR,ko
2020,35,9,Scarlet Heart: Ryeo,月之戀人－步步驚心：麗,2016-08-29,"浪漫, 書籍改編",KR,ko
2020,35,10,Crash Landing on You,愛的迫降,2019/12/14,"浪漫, 喜劇",KR,ko
2020,36,1,Bimilui Soop,秘密森林,2017/6/10,"犯罪, 驚悚",KR,ko
2020,36,2,The Good Detective,模範刑警,2020-07-06,"犯罪, 驚悚",KR,ko
2020,36,3,It's Okay to Not Be Okay,雖然是精神病但沒關係,2020/6/20,"浪漫, 喜劇",KR,ko
2020,36,4,Hospital Playlist,機智醫生生活,2020/3/12,醫療,KR,ko
2020,36,5,Reply 1988,請回答 1988,2015-11-06,"浪漫, 喜劇",KR,ko
2020,36,6,Was It Love,我們，愛過嗎？,2020-07-08,"浪漫, 喜劇",KR,ko
2020,36,7,Scarlet Heart: Ryeo,月之戀人－步步驚心：麗,2016-08-29,"浪漫, 書籍改編",KR,ko
2020,36,8,"BOFURI: I Don’t Want to Get Hurt, so I’ll Max Out My Defense.",怕痛的我，把防禦力點滿就對了,2020-01-08,,JP,ja
2020,36,9,Goedam,韓國都市怪談,2020/8/20,恐怖,KR,ko
2020,36,10,Crash Landing on You,愛的迫降,2019/12/14,"浪漫, 喜劇",KR,ko
2020,37,1,Bimilui Soop,秘密森林,2017/6/10,"犯罪, 驚悚",KR,ko
2020,37,2,The Good Detective,模範刑警,2020-07-06,"犯罪, 驚悚",KR,ko
2020,37,3,Reply 1988,請回答 1988,2015-11-06,"浪漫, 喜劇",KR,ko
2020,37,4,It's Okay to Not Be Okay,雖然是精神病但沒關係,2020/6/20,"浪漫, 喜劇",KR,ko
2020,37,5,Record of Youth,青春紀錄,2020/9/7,浪漫,KR,ko
2020,37,6,Hospital Playlist,機智醫生生活,2020/3/12,醫療,KR,ko
2020,37,7,Scarlet Heart: Ryeo,月之戀人－步步驚心：麗,2016-08-29,"浪漫, 書籍改編",KR,ko
2020,37,8,Graceful Friends,優雅的朋友們,2020-07-10,懸疑,KR,ko
2020,37,9,"BOFURI: I Don’t Want to Get Hurt, so I’ll Max Out My Defense.",怕痛的我，把防禦力點滿就對了,2020-01-08,,JP,ja
2020,37,10,Mr. Sunshine,陽光先生,2018-07-07,"浪漫, 政治",KR,ko
2020,38,1,Bimilui Soop,秘密森林,2017/6/10,"犯罪, 驚悚",KR,ko
2020,38,2,Record of Youth,青春紀錄,2020/9/7,浪漫,KR,ko
2020,38,3,The Good Detective,模範刑警,2020-07-06,"犯罪, 驚悚",KR,ko
2020,38,4,Reply 1988,請回答 1988,2015-11-06,"浪漫, 喜劇",KR,ko
2020,38,5,Hospital Playlist,機智醫生生活,2020/3/12,醫療,KR,ko
2020,38,6,It's Okay to Not Be Okay,雖然是精神病但沒關係,2020/6/20,"浪漫, 喜劇",KR,ko
2020,38,7,Mr. Sunshine,陽光先生,2018-07-07,"浪漫, 政治",KR,ko
2020,38,8,What's Wrong with Secretary Kim,金秘書為何那樣,2018/6/6,"網路漫改, 浪漫, 喜劇, 書籍改編",KR,ko
2020,38,9,Sporty Sisters,Sporty Sisters,2020-08-04,實境,KR,ko
2020,38,10,Scarlet Heart: Ryeo,月之戀人－步步驚心：麗,2016-08-29,"浪漫, 書籍改編",KR,ko
2020,38,11,Graceful Friends,優雅的朋友們,2020-07-10,懸疑,KR,ko
2020,39,1,Bimilui Soop,秘密森林,2017/6/10,"犯罪, 驚悚",KR,ko
2020,39,2,Record of Youth,青春紀錄,2020/9/7,浪漫,KR,ko
2020,39,3,What's Wrong with Secretary Kim,金秘書為何那樣,2018/6/6,"網路漫改, 浪漫, 喜劇, 書籍改編",KR,ko
2020,39,4,Reply 1988,請回答 1988,2015-11-06,"浪漫, 喜劇",KR,ko
2020,39,5,Ratched,拉契特：黯衣天使,2020/9/18,,US,en
2020,39,6,Hospital Playlist,機智醫生生活,2020/3/12,醫療,KR,ko
2020,39,7,The Good Detective,模範刑警,2020-07-06,"犯罪, 驚悚",KR,ko
2020,39,8,Mr. Sunshine,陽光先生,2018-07-07,"浪漫, 政治",KR,ko
2020,39,9,The School Nurse Files,非常校護檔案,2020/9/25,"奇幻, 書籍改編",KR,ko
2020,39,10,Sporty Sisters,Sporty Sisters,2020-08-04,實境,KR,ko
2020,39,11,It's Okay to Not Be Okay,雖然是精神病但沒關係,2020/6/20,"浪漫, 喜劇",KR,ko
2020,40,1,The School Nurse Files,非常校護檔案,2020/9/25,"奇幻, 書籍改編",KR,ko
2020,40,2,Bimilui Soop,秘密森林,2017/6/10,"犯罪, 驚悚",KR,ko
2020,40,3,Record of Youth,青春紀錄,2020/9/7,浪漫,KR,ko
2020,40,4,What's Wrong with Secretary Kim,金秘書為何那樣,2018/6/6,"網路漫改, 浪漫, 喜劇, 書籍改編",KR,ko
2020,40,5,Mr. Sunshine,陽光先生,2018-07-07,"浪漫, 政治",KR,ko
2020,40,6,Hospital Playlist,機智醫生生活,2020/3/12,醫療,KR,ko
2020,40,7,Reply 1988,請回答 1988,2015-11-06,"浪漫, 喜劇",KR,ko
2020,40,8,Familiar Wife,浪漫,2018-08-01,浪漫,KR,ko
2020,40,9,It's Okay to Not Be Okay,雖然是精神病但沒關係,2020/6/20,"浪漫, 喜劇",KR,ko
2020,40,10,Emily in Paris,艾蜜莉在巴黎,2020/10/2,,US,en
2020,41,1,Record of Youth,青春紀錄,2020/9/7,浪漫,KR,ko
2020,41,2,Bimilui Soop,秘密森林,2017/6/10,"犯罪, 驚悚",KR,ko
2020,41,3,Emily in Paris,艾蜜莉在巴黎,2020/10/2,,US,en
2020,41,4,The School Nurse Files,非常校護檔案,2020/9/25,"奇幻, 書籍改編",KR,ko
2020,41,5,What's Wrong with Secretary Kim,金秘書為何那樣,2018/6/6,"網路漫改, 浪漫, 喜劇, 書籍改編",KR,ko
2020,41,6,Private Lives,私生活,2020/10/7,驚悚,KR,ko
2020,41,7,Familiar Wife,認識的妻子,2018-08-01,浪漫,KR,ko
2020,41,8,Hospital Playlist,機智醫生生活,2020/3/12,醫療,KR,ko
2020,41,9,Do Do Sol Sol La La Sol,Do Do Sol Sol La La Sol,2020/10/7,"浪漫, 喜劇",KR,ko
2020,41,10,Reply 1988,請回答 1988,2015-11-06,"浪漫, 喜劇",KR,ko
2020,42,1,Private Lives,私生活,2020/10/7,驚悚,KR,ko
2020,42,2,Record of Youth,青春紀錄,2020/9/7,浪漫,KR,ko
2020,42,3,Emily in Paris,艾蜜莉在巴黎,2020/10/2,,US,en
2020,42,4,Bimilui Soop,秘密森林,2017/6/10,"犯罪, 驚悚",KR,ko
2020,42,5,The School Nurse Files,非常校護檔案,2020/9/25,"奇幻, 書籍改編",KR,ko
2020,42,6,What's Wrong with Secretary Kim,金秘書為何那樣,2018/6/6,"網路漫改, 浪漫, 喜劇, 書籍改編",KR,ko
2020,42,7,Do Do Sol Sol La La Sol,Do Do Sol Sol La La Sol,2020/10/7,"浪漫, 喜劇",KR,ko
2020,42,8,Reply 1988,請回答 1988,2015-11-06,"浪漫, 喜劇",KR,ko
2020,42,9,Familiar Wife,認識的妻子,2018-08-01,浪漫,KR,ko
2020,43,1,Start-Up,START-UP：我的新創時代,2020/10/17,"浪漫, 喜劇",KR,ko
2020,43,2,Private Lives,私生活,2020/10/7,驚悚,KR,ko
2020,43,3,Record of Youth,青春紀錄,2020/9/7,浪漫,KR,ko
2020,43,4,Emily in Paris,艾蜜莉在巴黎,2020/10/2,,US,en
2020,43,5,Bimilui Soop,秘密森林,2017/6/10,"犯罪, 驚悚",KR,ko
2020,43,6,Do Do Sol Sol La La Sol,Do Do Sol Sol La La Sol,2020/10/7,"浪漫, 喜劇",KR,ko
2020,43,7,The School Nurse Files,非常校護檔案,2020/9/25,"奇幻, 書籍改編",KR,ko
2020,43,8,My Golden Kids,My Golden Kids,2020-05-29,脫口秀,KR,ko
2020,43,9,Reply 1988,請回答 1988,2015-11-06,"浪漫, 喜劇",KR,ko
2020,43,10,What's Wrong with Secretary Kim,金秘書為何那樣,2018/6/6,"網路漫改, 浪漫, 喜劇, 書籍改編",KR,ko
2020,44,1,Start-Up,START-UP：我的新創時代,2020/10/17,"浪漫, 喜劇",KR,ko
2020,44,2,Private Lives,私生活,2020/10/7,驚悚,KR,ko
2020,44,3,Record of Youth,青春紀錄,2020/9/7,浪漫,KR,ko
2020,44,4,Emily in Paris,艾蜜莉在巴黎,2020/10/2,,US,en
2020,44,5,Barbaren,蠻戰之森,2020-10-23,,DE,de
2020,44,6,The Queen's Gambit,后翼棄兵,2020/10/23,,US,en
2020,44,7,Do Do Sol Sol La La Sol,Do Do Sol Sol La La Sol,2020/10/7,"浪漫, 喜劇",KR,ko
2020,44,8,Bimilui Soop,秘密森林,2017/6/10,"犯罪, 驚悚",KR,ko
2020,44,9,Reply 1988,請回答 1988,2015-11-06,"浪漫, 喜劇",KR,ko
2020,44,10,Goblin,孤單又燦爛的神：鬼怪,2016-12-02,"奇幻, 浪漫",KR,ko
2020,45,1,Start-Up,START-UP：我的新創時代,2020/10/17,"浪漫, 喜劇",KR,ko
2020,45,2,Private Lives,私生活,2020/10/7,驚悚,KR,ko
2020,45,3,The Queen's Gambit,后翼棄兵,2020/10/23,,US,en
2020,45,4,Record of Youth,青春紀錄,2020/9/7,浪漫,KR,ko
2020,45,5,Emily in Paris,艾蜜莉在巴黎,2020/10/2,,US,en
2020,45,6,Do Do Sol Sol La La Sol,Do Do Sol Sol La La Sol,2020/10/7,"浪漫, 喜劇",KR,ko
2020,45,7,Bimilui Soop,秘密森林,2017/6/10,"犯罪, 驚悚",KR,ko
2020,45,8,Reply 1988,請回答 1988,2015-11-06,"浪漫, 喜劇",KR,ko
2020,45,9,Barbaren,蠻戰之森,2020-10-23,,DE,de
2020,45,10,Taste of Wife,Taste of Wife,2018-06-05,實境,KR,ko
2020,46,1,Start-Up,START-UP：我的新創時代,2020/10/17,"浪漫, 喜劇",KR,ko
2020,46,2,Private Lives,私生活,2020/10/7,驚悚,KR,ko
2020,46,3,The Queen's Gambit,后翼棄兵,2020/10/23,,US,en
2020,46,4,Emily in Paris,艾蜜莉在巴黎,2020/10/2,,US,en
2020,46,5,Do Do Sol Sol La La Sol,Do Do Sol Sol La La Sol,2020/10/7,"浪漫, 喜劇",KR,ko
2020,46,6,Reply 1988,請回答 1988,2015-11-06,"浪漫, 喜劇",KR,ko
2020,46,7,18 Again,重返18歲,2020-09-21,浪漫,KR,ko
2020,46,8,My Golden Kids,My Golden Kids,2020-05-29,脫口秀,KR,ko
2020,46,9,Record of Youth,青春紀錄,2020/9/7,浪漫,KR,ko
2020,46,10,Taste of Wife,Taste of Wife,2018-06-05,實境,KR,ko
2020,47,1,Start-Up,START-UP：我的新創時代,2020/10/17,"浪漫, 喜劇",KR,ko
2020,47,2,Private Lives,私生活,2020/10/7,驚悚,KR,ko
2020,47,3,18 Again,重返18歲,2020-09-21,浪漫,KR,ko
2020,47,4,The Queen's Gambit,后翼棄兵,2020/10/23,,US,en
2020,47,5,Do Do Sol Sol La La Sol,Do Do Sol Sol La La Sol,2020/10/7,"浪漫, 喜劇",KR,ko
2020,47,6,Reply 1988,請回答 1988,2015-11-06,"浪漫, 喜劇",KR,ko
2020,47,7,Emily in Paris,艾蜜莉在巴黎,2020/10/2,,US,en
2020,47,8,My Golden Kids,My Golden Kids,2020-05-29,脫口秀,KR,ko
2020,47,9,Hospital Playlist,機智醫生生活,2020/3/12,醫療,KR,ko
2020,47,10,Taste of Wife,Taste of Wife,2018-06-05,實境,KR,ko
2020,48,1,Start-Up,START-UP：我的新創時代,2020/10/17,"浪漫, 喜劇",KR,ko
2020,48,2,Private Lives,私生活,2020/10/7,驚悚,KR,ko
2020,48,3,The Queen's Gambit,后翼棄兵,2020/10/23,,US,en
2020,48,4,18 Again,重返18歲,2020-09-21,浪漫,KR,ko
2020,48,5,Reply 1988,請回答 1988,2015-11-06,"浪漫, 喜劇",KR,ko
2020,48,6,Do Do Sol Sol La La Sol,Do Do Sol Sol La La Sol,2020/10/7,"浪漫, 喜劇",KR,ko
2020,48,7,Hospital Playlist,機智醫生生活,2020/3/12,醫療,KR,ko
2020,48,8,Goblin,孤單又燦爛的神：鬼怪,2016-12-02,"奇幻, 浪漫",KR,ko
2020,48,9,My Golden Kids,My Golden Kids,2020-05-29,脫口秀,KR,ko
2020,48,10,Emily in Paris,艾蜜莉在巴黎,2020/10/2,,US,en
2020,49,1,Start-Up,START-UP：我的新創時代,2020/10/17,"浪漫, 喜劇",KR,ko
2020,49,2,My Love From Another Star,來自星星的你,2013-12-18,"浪漫, 喜劇",KR,ko
2020,49,3,The Uncanny Counter,驅魔麵館,2020/11/28,"網路漫改, 奇幻, 驚悚",KR,ko
2020,49,4,The Queen's Gambit,后翼棄兵,2020/10/23,,US,en
2020,49,5,Private Lives,私生活,2020/10/7,驚悚,KR,ko
2020,49,6,The Walking Dead,陰屍路,2010-10-31,,US,en
2020,49,7,Graceful Family,優雅的家,2019-08-21,懸疑,KR,ko
2020,49,8,18 Again,重返18歲,2020-09-21,浪漫,KR,ko
2020,49,9,The Guest,客：The Guest,2018-09-12,"懸疑, 書籍改編",KR,ko
2020,49,10,Love Again,Love Again,2022,實境,KR,ko
2020,49,11,Reply 1988,請回答 1988,2015-11-06,"浪漫, 喜劇",KR,ko
2020,50,1,The Uncanny Counter,驅魔麵館,2020/11/28,"網路漫改, 奇幻, 驚悚",KR,ko
2020,50,2,Start-Up,START-UP：我的新創時代,2020/10/17,"浪漫, 喜劇",KR,ko
2020,50,3,My Love From Another Star,來自星星的你,2013-12-18,"浪漫, 喜劇",KR,ko
2020,50,4,The Queen's Gambit,后翼棄兵,2020/10/23,,US,en
2020,50,5,100 Days My Prince,百日的郎君,2018-09-10,浪漫,KR,ko
2020,50,6,Goblin,孤單又燦爛的神：鬼怪,2016-12-02,"奇幻, 浪漫",KR,ko
2020,50,7,The Guest,客：The Guest,2018-09-12,"懸疑, 書籍改編",KR,ko
2020,50,8,Love Again,Love Again,2022,實境,KR,ko
2020,50,9,Graceful Family,優雅的家,2019-08-21,懸疑,KR,ko
2020,50,10,Attack on Titan,進擊的巨人,2013/4/7,,JP,ja
2020,51,1,The Uncanny Counter,驅魔麵館,2020/11/28,"網路漫改, 奇幻, 驚悚",KR,ko
2020,51,2,Start-Up,START-UP：我的新創時代,2020/10/17,"浪漫, 喜劇",KR,ko
2020,51,3,My Love From Another Star,來自星星的你,2013-12-18,"浪漫, 喜劇",KR,ko
2020,51,4,100 Days My Prince,百日的郎君,2018-09-10,浪漫,KR,ko
2020,51,5,Goblin,孤單又燦爛的神：鬼怪,2016-12-02,"奇幻, 浪漫",KR,ko
2020,51,6,The Queen's Gambit,后翼棄兵,2020/10/23,,US,en
2020,51,7,Run On,奔向愛情,2020/12/16,"浪漫, 喜劇",KR,ko
2020,51,8,Love Again,Love Again,2022,實境,KR,ko
2020,51,9,Alice in Borderland,今際之國的闖關者,2020/12/10,,JP,ja
2020,51,10,Sweet Home,甜蜜家園,2020/12/18,"網路漫改, 恐怖",KR,ko
2020,52,1,Sweet Home,甜蜜家園,2020/12/18,"網路漫改, 恐怖",KR,ko
2020,52,2,The Uncanny Counter,驅魔麵館,2020/11/28,"網路漫改, 奇幻, 驚悚",KR,ko
2020,52,3,Start-Up,START-UP：我的新創時代,2020/10/17,"浪漫, 喜劇",KR,ko
2020,52,4,Run On,奔向愛情,2020/12/16,"浪漫, 喜劇",KR,ko
2020,52,5,Lovestruck in the City,愛在大都會,2020/12/22,"浪漫, 喜劇",KR,ko
2020,52,6,My Love From Another Star,來自星星的你,2013-12-18,"浪漫, 喜劇",KR,ko
2020,52,7,Love Again,Love Again,2022,實境,KR,ko
2020,52,8,The Queen's Gambit,后翼棄兵,2020/10/23,,US,en
2020,52,9,Attack on Titan,進擊的巨人,2013/4/7,,JP,ja
2020,52,10,Goblin,孤單又燦爛的神：鬼怪,2016-12-02,"奇幻, 浪漫",KR,ko
2020,53,1,Sweet Home,甜蜜家園,2020/12/18,"網路漫改, 恐怖",KR,ko
2020,53,2,The Uncanny Counter,驅魔麵館,2020/11/28,"網路漫改, 奇幻, 驚悚",KR,ko
2020,53,3,Bridgerton,柏捷頓家族：名門韻事,2020/12/25,,US,en
2020,53,4,Lovestruck in the City,愛在大都會,2020/12/22,"浪漫, 喜劇",KR,ko
2020,53,5,Run On,奔向愛情,2020/12/16,"浪漫, 喜劇",KR,ko
2020,53,6,The Queen's Gambit,后翼棄兵,2020/10/23,,US,en
2020,53,7,Love Again,Love Again,2022,實境,KR,ko
2020,53,8,A Love So Beautiful,致我們單純的小美好,2020-12-28,"浪漫, 喜劇, 原著改編",KR,ko
2020,53,9,Start-Up,START-UP：我的新創時代,2020/10/17,"浪漫, 喜劇",KR,ko
2020,53,10,Attack on Titan,進擊的巨人,2013/4/7,,JP,ja
2021,1,1,The Uncanny Counter,驅魔麵館,2020/11/28,"網路漫改, 奇幻, 驚悚",KR,ko
2021,1,2,Sweet Home,甜蜜家園,2020/12/18,"網路漫改, 恐怖",KR,ko
2021,1,3,Bridgerton,柏捷頓家族：名門韻事,2020/12/25,,US,en
2021,1,4,Run On,奔向愛情,2020/12/16,"浪漫, 喜劇",KR,ko
2021,1,5,Crash Landing on You,愛的迫降,2019/12/14,"浪漫, 喜劇",KR,ko
2021,1,6,Lovestruck in the City,愛在大都會,2020/12/22,"浪漫, 喜劇",KR,ko
2021,1,7,The Queen's Gambit,后翼棄兵,2020/10/23,,US,en
2021,1,8,Love Again,Love Again,2022,實境,KR,ko
2021,1,9,Miss Trot,Miss Trot,2019-02-28,"競賽, 實境",KR,ko
2021,1,10,Reply 1988,請回答 1988,2015-11-06,"浪漫, 喜劇",KR,ko
2021,2,1,The Uncanny Counter,驅魔麵館,2020/11/28,"網路漫改, 奇幻, 驚悚",KR,ko
2021,2,2,Sweet Home,甜蜜家園,2020/12/18,"網路漫改, 恐怖",KR,ko
2021,2,3,Lupin,亞森·羅蘋,2021/1/8,,FR,fr
2021,2,4,Bridgerton,柏捷頓家族：名門韻事,2020/12/25,,US,en
2021,2,5,Run On,奔向愛情,2020/12/16,"浪漫, 喜劇",KR,ko
2021,2,6,Crash Landing on You,愛的迫降,2019/12/14,"浪漫, 喜劇",KR,ko
2021,2,7,Lovestruck in the City,愛在大都會,2020/12/22,"浪漫, 喜劇",KR,ko
2021,2,8,Miss Trot,Miss Trot,2019-02-28,"競賽, 實境",KR,ko
2021,2,9,Attack on Titan,進擊的巨人,2013/4/7,,JP,ja
2021,2,10,Love Again,Love Again,2022,實境,KR,ko
2021,3,1,The Uncanny Counter,驅魔麵館,2020/11/28,"網路漫改, 奇幻, 驚悚",KR,ko
2021,3,2,Sweet Home,甜蜜家園,2020/12/18,"網路漫改, 恐怖",KR,ko
2021,3,3,Run On,奔向愛情,2020/12/16,"浪漫, 喜劇",KR,ko
2021,3,4,Bridgerton,柏捷頓家族：名門韻事,2020/12/25,,US,en
2021,3,5,Lovestruck in the City,愛在大都會,2020/12/22,"浪漫, 喜劇",KR,ko
2021,3,6,Parasyte -the maxim-,寄生獸,2014-10-09,,JP,ja
2021,3,7,Lupin,亞森·羅蘋,2021/1/8,,FR,fr
2021,3,8,Miss Trot,Miss Trot,2019-02-28,"競賽, 實境",KR,ko
2021,3,9,Attack on Titan,進擊的巨人,2013/4/7,,JP,ja
2021,3,10,Love Again,Love Again,2022,實境,KR,ko
2021,4,1,The Uncanny Counter,驅魔麵館,2020/11/28,"網路漫改, 奇幻, 驚悚",KR,ko
2021,4,2,Run On,奔向愛情,2020/12/16,"浪漫, 喜劇",KR,ko
2021,4,3,Bridgerton,柏捷頓家族：名門韻事,2020/12/25,,US,en
2021,4,4,Fate: The Winx Saga,Fate：魔法俏佳人傳奇,2021/1/22,,US,en
2021,4,5,Lovestruck in the City,愛在大都會,2020/12/22,"浪漫, 喜劇",KR,ko
2021,4,6,Sweet Home,甜蜜家園,2020/12/18,"網路漫改, 恐怖",KR,ko
2021,4,7,Heavenly Sword and Dragon Slaying Sabre,倚天屠龍記,2019-02-27,,CN,zh
2021,4,8,Attack on Titan,進擊的巨人,2013/4/7,,JP,ja
2021,4,9,Miss Trot,Miss Trot,2019-02-28,"競賽, 實境",KR,ko
2021,4,10,Love Again,Love Again,2022,實境,KR,ko
2021,5,1,The Uncanny Counter,驅魔麵館,2020/11/28,"網路漫改, 奇幻, 驚悚",KR,ko
2021,5,2,Run On,奔向愛情,2020/12/16,"浪漫, 喜劇",KR,ko
2021,5,3,Bridgerton,柏捷頓家族：名門韻事,2020/12/25,,US,en
2021,5,4,Lovestruck in the City,愛在大都會,2020/12/22,"浪漫, 喜劇",KR,ko
2021,5,5,Love Marriage Divorce,婚詞離曲,2021-01-23,家庭,KR,ko
2021,5,6,Sweet Home,甜蜜家園,2020/12/18,"網路漫改, 恐怖",KR,ko
2021,5,7,Attack on Titan,進擊的巨人,2013/4/7,,JP,ja
2021,5,8,Fate: The Winx Saga,Fate：魔法俏佳人傳奇,2021/1/22,,US,en
2021,5,9,Love Again,Love Again,2022,實境,KR,ko
2021,5,10,Miss Trot,Miss Trot,2019-02-28,"競賽, 實境",KR,ko
2021,6,1,Lovestruck in the City,愛在大都會,2020/12/22,"浪漫, 喜劇",KR,ko
2021,6,2,Run On,奔向愛情,2020/12/16,"浪漫, 喜劇",KR,ko
2021,6,3,Bridgerton,柏捷頓家族：名門韻事,2020/12/25,,US,en
2021,6,4,Love Marriage Divorce,婚詞離曲,2021-01-23,家庭,KR,ko
2021,6,5,The Uncanny Counter,驅魔麵館,2020/11/28,"網路漫改, 奇幻, 驚悚",KR,ko
2021,6,6,Sweet Home,甜蜜家園,2020/12/18,"網路漫改, 恐怖",KR,ko
2021,6,7,Attack on Titan,進擊的巨人,2013/4/7,,JP,ja
2021,6,8,Love Again,Love Again,2022,實境,KR,ko
2021,6,9,Miss Trot,Miss Trot,2019-02-28,"競賽, 實境",KR,ko
2021,6,10,A Love So Beautiful,致我們單純的小美好,2020-12-28,"浪漫, 喜劇, 原著改編",KR,ko
2021,7,1,Lovestruck in the City,愛在大都會,2020/12/22,"浪漫, 喜劇",KR,ko
2021,7,2,Love Marriage Divorce,婚詞離曲,2021-01-23,家庭,KR,ko
2021,7,3,Bridgerton,柏捷頓家族：名門韻事,2020/12/25,,US,en
2021,7,4,The Uncanny Counter,驅魔麵館,2020/11/28,"網路漫改, 奇幻, 驚悚",KR,ko
2021,7,5,Sisyphus: The Myth,薛西弗斯的神話,2021-02-17,"科幻, 驚悚",KR,ko
2021,7,6,Attack on Titan,進擊的巨人,2013/4/7,,JP,ja
2021,7,7,Miss Trot,Miss Trot,2019-02-28,"競賽, 實境",KR,ko
2021,7,8,Run On,奔向愛情,2020/12/16,"浪漫, 喜劇",KR,ko
2021,7,9,A Love So Beautiful,致我們單純的小美好,2020-12-28,"浪漫, 喜劇, 原著改編",KR,ko
2021,7,10,Love Again,Love Again,2022,實境,KR,ko
2021,8,1,Vincenzo,黑道律師文森佐,2021/2/20,社會議題,KR,ko
2021,8,2,Sisyphus: The Myth,薛西弗斯的神話,2021-02-17,"科幻, 驚悚",KR,ko
2021,8,3,Demon Slayer: Kimetsu no Yaiba,鬼滅之刃,2019/4/6,,JP,ja
2021,8,4,Love Marriage Divorce,婚詞離曲,2021-01-23,家庭,KR,ko
2021,8,5,Bridgerton,柏捷頓家族：名門韻事,2020/12/25,,US,en
2021,8,6,Attack on Titan,進擊的巨人,2013/4/7,,JP,ja
2021,8,7,Lovestruck in the City,愛在大都會,2020/12/22,"浪漫, 喜劇",KR,ko
2021,8,8,The Uncanny Counter,驅魔麵館,2020/11/28,"網路漫改, 奇幻, 驚悚",KR,ko
2021,8,9,Nothing But Thirty,三十而已,2020/7/17,,CN,zh
2021,8,10,Miss Trot,Miss Trot,2019-02-28,"競賽, 實境",KR,ko
2021,9,1,Vincenzo,黑道律師文森佐,2021/2/20,社會議題,KR,ko
2021,9,2,Sisyphus: The Myth,薛西弗斯的神話,2021-02-17,"科幻, 驚悚",KR,ko
2021,9,3,Love Marriage Divorce,婚詞離曲,2021-01-23,家庭,KR,ko
2021,9,4,Demon Slayer: Kimetsu no Yaiba,鬼滅之刃,2019/4/6,,JP,ja
2021,9,5,Nothing But Thirty,三十而已,2020/7/17,,CN,zh
2021,9,6,Attack on Titan,進擊的巨人,2013/4/7,,JP,ja
2021,9,7,Bridgerton,柏捷頓家族：名門韻事,2020/12/25,,US,en
2021,9,8,Don't be the First One!,Don't be the First One!,2020-05-20,實境,KR,ko
2021,9,9,Miss Trot,Miss Trot,2019-02-28,"競賽, 實境",KR,ko
2021,9,10,"Hello, Me!",哈囉，我好嗎？,2021-02-17,"浪漫, 喜劇, 書籍改編",KR,ko
2021,10,1,Vincenzo,黑道律師文森佐,2021/2/20,社會議題,KR,ko
2021,10,2,Sisyphus: The Myth,薛西弗斯的神話,2021-02-17,"科幻, 驚悚",KR,ko
2021,10,3,Demon Slayer: Kimetsu no Yaiba,鬼滅之刃,2019/4/6,,JP,ja
2021,10,4,Love Marriage Divorce,婚詞離曲,2021-01-23,家庭,KR,ko
2021,10,5,Attack on Titan,進擊的巨人,2013/4/7,,JP,ja
2021,10,6,Nothing But Thirty,三十而已,2020/7/17,,CN,zh
2021,10,7,Don't be the First One!,Don't be the First One!,2020-05-20,實境,KR,ko
2021,10,8,Love Alarm,喜歡的話請響鈴,2019/8/22,"網路漫改, 浪漫, 青少年",KR,ko
2021,10,9,"Hello, Me!",哈囉，我好嗎？,2021-02-17,"浪漫, 喜劇, 書籍改編",KR,ko
2021,10,10,She Would Never Know,前輩，那支口紅不要塗,2021-01-18,"浪漫, 書籍改編",KR,ko
2021,11,1,Vincenzo,黑道律師文森佐,2021/2/20,社會議題,KR,ko
2021,11,2,Sisyphus: The Myth,薛西弗斯的神話,2021-02-17,"科幻, 驚悚",KR,ko
2021,11,3,Love Marriage Divorce,婚詞離曲,2021-01-23,家庭,KR,ko
2021,11,4,Demon Slayer: Kimetsu no Yaiba,鬼滅之刃,2019/4/6,,JP,ja
2021,11,5,Love Alarm,喜歡的話請響鈴,2019/8/22,"網路漫改, 浪漫, 青少年",KR,ko
2021,11,6,She Would Never Know,前輩，那支口紅不要塗,2021-01-18,"浪漫, 書籍改編",KR,ko
2021,11,7,"Hello, Me!",哈囉，我好嗎？,2021-02-17,"浪漫, 喜劇, 書籍改編",KR,ko
2021,11,8,Attack on Titan,進擊的巨人,2013/4/7,,JP,ja
2021,11,9,Don't be the First One!,Don't be the First One!,2020-05-20,實境,KR,ko
2021,11,10,Nothing But Thirty,三十而已,2020/7/17,,CN,zh
2021,12,1,Vincenzo,黑道律師文森佐,2021/2/20,社會議題,KR,ko
2021,12,2,Sisyphus: The Myth,薛西弗斯的神話,2021-02-17,"科幻, 驚悚",KR,ko
2021,12,3,Demon Slayer: Kimetsu no Yaiba,鬼滅之刃,2019/4/6,,JP,ja
2021,12,4,Men on a Mission,認識的哥哥,2015-12-05,"綜藝, 喜劇",KR,ko
2021,12,5,Attack on Titan,進擊的巨人,2013/4/7,,JP,ja
2021,12,6,Navillera,如蝶翩翩,2021/3/22,"網路漫改, 浪漫",KR,ko
2021,12,7,"Hello, Me!",哈囉，我好嗎？,2021-02-17,"浪漫, 喜劇, 書籍改編",KR,ko
2021,12,8,Love Marriage Divorce,婚詞離曲,2021-01-23,家庭,KR,ko
2021,12,9,Love Marriage Divorce,婚詞離曲,2021-01-23,家庭,KR,ko
2021,12,10,She Would Never Know,前輩，那支口紅不要塗,2021-01-18,"浪漫, 書籍改編",KR,ko
2021,12,11,Vincenzo,黑道律師文森佐,2021/2/20,社會議題,KR,ko
2021,13,1,Vincenzo,黑道律師文森佐,2021/2/20,社會議題,KR,ko
2021,13,2,Sisyphus: The Myth,薛西弗斯的神話,2021-02-17,"科幻, 驚悚",KR,ko
2021,13,3,Demon Slayer: Kimetsu no Yaiba,鬼滅之刃,2019/4/6,,JP,ja
2021,13,4,Attack on Titan,進擊的巨人,2013/4/7,,JP,ja
2021,13,5,Navillera,如蝶翩翩,2021/3/22,"網路漫改, 浪漫",KR,ko
2021,13,6,Men on a Mission,認識的哥哥,2015-12-05,"綜藝, 喜劇",KR,ko
2021,13,7,The Iron Squad,The Iron Squad,2021-03-23,"競賽, 實境",KR,ko
2021,13,8,The Irregulars,貝克街游擊隊,2021/3/26,,GB,en
2021,13,9,"Hello, Me!",哈囉，我好嗎？,2021-02-17,"浪漫, 喜劇, 書籍改編",KR,ko
2021,13,10,Love Naggers,Love Naggers,2018-01-13,脫口秀,KR,ko
2021,14,1,Vincenzo,黑道律師文森佐,2021/2/20,社會議題,KR,ko
2021,14,2,Sisyphus: The Myth,薛西弗斯的神話,2021-02-17,"科幻, 驚悚",KR,ko
2021,14,3,The Iron Squad,The Iron Squad,2021-03-23,"競賽, 實境",KR,ko
2021,14,4,Men on a Mission,認識的哥哥,2015-12-05,"綜藝, 喜劇",KR,ko
2021,14,5,Demon Slayer: Kimetsu no Yaiba,鬼滅之刃,2019/4/6,,JP,ja
2021,14,6,Navillera,如蝶翩翩,2021/3/22,"網路漫改, 浪漫",KR,ko
2021,14,7,"Hello, Me!",哈囉，我好嗎？,2021-02-17,"浪漫, 喜劇, 書籍改編",KR,ko
2021,14,8,My Mister,我的大叔,2018-03-21,"家庭, 社會議題",KR,ko
2021,14,9,Love Naggers,Love Naggers,2018-01-13,脫口秀,KR,ko
2021,14,10,Hospital Playlist,機智醫生生活,2020/3/12,醫療,KR,ko
2021,15,1,Vincenzo,黑道律師文森佐,2021/2/20,社會議題,KR,ko
2021,15,2,Beyond Evil,怪物,2021-02-19,"犯罪, 驚悚",KR,ko
2021,15,3,The Iron Squad,The Iron Squad,2021-03-23,"競賽, 實境",KR,ko
2021,15,4,Sisyphus: The Myth,薛西弗斯的神話,2021-02-17,"科幻, 驚悚",KR,ko
2021,15,5,Sisyphus: The Myth,薛西弗斯的神話,2021-02-17,"科幻, 驚悚",KR,ko
2021,15,6,Men on a Mission,認識的哥哥,2015-12-05,"綜藝, 喜劇",KR,ko
2021,15,7,Demon Slayer: Kimetsu no Yaiba,鬼滅之刃,2019/4/6,,JP,ja
2021,15,8,Navillera,如蝶翩翩,2021/3/22,"網路漫改, 浪漫",KR,ko
2021,15,9,Law School,LAW SCHOOL,2021/4/14,"懸疑, 犯罪, 法庭",KR,ko
2021,15,10,My Mister,我的大叔,2018-03-21,"家庭, 社會議題",KR,ko
2021,15,11,Love Naggers,Love Naggers,2018-01-13,脫口秀,KR,ko
2021,16,1,Beyond Evil,怪物,2021-02-19,"犯罪, 驚悚",KR,ko
2021,16,2,Vincenzo,黑道律師文森佐,2021/2/20,社會議題,KR,ko
2021,16,3,Law School,LAW SCHOOL,2021/4/14,"懸疑, 犯罪, 法庭",KR,ko
2021,16,4,The Iron Squad,The Iron Squad,2021-03-23,"競賽, 實境",KR,ko
2021,16,5,Navillera,如蝶翩翩,2021/3/22,"網路漫改, 浪漫",KR,ko
2021,16,6,Men on a Mission,認識的哥哥,2015-12-05,"綜藝, 喜劇",KR,ko
2021,16,7,Demon Slayer: Kimetsu no Yaiba,鬼滅之刃,2019/4/6,,JP,ja
2021,16,8,Sisyphus: The Myth,薛西弗斯的神話,2021-02-17,"科幻, 驚悚",KR,ko
2021,16,9,Hospital Playlist,機智醫生生活,2020/3/12,醫療,KR,ko
2021,16,10,Love Naggers,Love Naggers,2018-01-13,脫口秀,KR,ko
2021,17,1,Vincenzo,黑道律師文森佐,2021/2/20,社會議題,KR,ko
2021,17,2,Beyond Evil,怪物,2021-02-19,"犯罪, 驚悚",KR,ko
2021,17,3,Law School,LAW SCHOOL,2021/4/14,"懸疑, 犯罪, 法庭",KR,ko
2021,17,4,The Iron Squad,The Iron Squad,2021-03-23,"競賽, 實境",KR,ko
2021,17,5,Shadow and Bone,太陽召喚,2021/4/23,,US,en
2021,17,6,Men on a Mission,認識的哥哥,2015-12-05,"綜藝, 喜劇",KR,ko
2021,17,7,Navillera,如蝶翩翩,2021/3/22,"網路漫改, 浪漫",KR,ko
2021,17,8,Demon Slayer: Kimetsu no Yaiba,鬼滅之刃,2019/4/6,,JP,ja
2021,17,9,Hospital Playlist,機智醫生生活,2020/3/12,醫療,KR,ko
2021,17,10,Love Naggers,Love Naggers,2018-01-13,脫口秀,KR,ko
2021,18,1,Vincenzo,黑道律師文森佐,2021/2/20,社會議題,KR,ko
2021,18,2,Law School,LAW SCHOOL,2021/4/14,"懸疑, 犯罪, 法庭",KR,ko
2021,18,3,Beyond Evil,怪物,2021-02-19,"犯罪, 驚悚",KR,ko
2021,18,4,The Iron Squad,The Iron Squad,2021-03-23,"競賽, 實境",KR,ko
2021,18,5,Men on a Mission,認識的哥哥,2015-12-05,"綜藝, 喜劇",KR,ko
2021,18,6,Demon Slayer: Kimetsu no Yaiba,鬼滅之刃,2019/4/6,,JP,ja
2021,18,7,Shadow and Bone,太陽召喚,2021/4/23,,US,en
2021,18,8,Hospital Playlist,機智醫生生活,2020/3/12,醫療,KR,ko
2021,18,9,Love Naggers,Love Naggers,2018-01-13,脫口秀,KR,ko
2021,18,10,Doomed Marriage,Doomed Marriage,2022,脫口秀,KR,ko
2021,19,1,Vincenzo,黑道律師文森佐,2021/2/20,社會議題,KR,ko
2021,19,2,Law School,LAW SCHOOL,2021/4/14,"懸疑, 犯罪, 法庭",KR,ko
2021,19,3,The Iron Squad,The Iron Squad,2021-03-23,"競賽, 實境",KR,ko
2021,19,4,Mine,我的上流世界,2021/5/8,家庭,KR,ko
2021,19,5,Beyond Evil,怪物,2021-02-19,"犯罪, 驚悚",KR,ko
2021,19,6,Jupiter's Legacy,朱比特傳奇,2021/5/7,,US,en
2021,19,7,Demon Slayer: Kimetsu no Yaiba,鬼滅之刃,2019/4/6,,JP,ja
2021,19,8,Men on a Mission,認識的哥哥,2015-12-05,"綜藝, 喜劇",KR,ko
2021,19,9,Love Naggers,Love Naggers,2018-01-13,脫口秀,KR,ko
2021,19,10,Hospital Playlist,機智醫生生活,2020/3/12,醫療,KR,ko
2021,20,1,Move to Heaven,MOVE TO HEAVEN：我是遺物整理師,2021/5/14,家庭,KR,ko
2021,20,2,Mine,我的上流世界,2021/5/8,家庭,KR,ko
2021,20,3,Law School,LAW SCHOOL,2021/4/14,"懸疑, 犯罪, 法庭",KR,ko
2021,20,4,Vincenzo,黑道律師文森佐,2021/2/20,社會議題,KR,ko
2021,20,5,The Iron Squad,The Iron Squad,2021-03-23,"競賽, 實境",KR,ko
2021,20,6,"Love, Death & Robots",愛 x 死 x 機器人,2019/3/15,,US,en
2021,20,6,"Love, Death & Robots",愛 x 死 x 機器人,NA,,TW,zh
2021,20,7,Beyond Evil,怪物,2021-02-19,"犯罪, 驚悚",KR,ko
2021,20,8,Demon Slayer: Kimetsu no Yaiba,鬼滅之刃,2019/4/6,,JP,ja
2021,20,9,Hospital Playlist,機智醫生生活,2020/3/12,醫療,KR,ko
2021,20,10,Love Naggers,Love Naggers,2018-01-13,脫口秀,KR,ko
2021,21,1,Mine,我的上流世界,2021/5/8,家庭,KR,ko
2021,21,2,Law School,LAW SCHOOL,2021/4/14,"懸疑, 犯罪, 法庭",KR,ko
2021,21,3,Move to Heaven,MOVE TO HEAVEN：我是遺物整理師,2021/5/14,家庭,KR,ko
2021,21,4,Mad for Each Other,不瘋不狂不愛你,2021-05-24,"浪漫, 喜劇",KR,ko
2021,21,5,The Iron Squad,The Iron Squad,2021-03-23,"競賽, 實境",KR,ko
2021,21,6,Vincenzo,黑道律師文森佐,2021/2/20,社會議題,KR,ko
2021,21,7,Hospital Playlist,機智醫生生活,2020/3/12,醫療,KR,ko
2021,21,8,Men on a Mission,認識的哥哥,2015-12-05,"綜藝, 喜劇",KR,ko
2021,21,9,Demon Slayer: Kimetsu no Yaiba,鬼滅之刃,2019/4/6,,JP,ja
2021,21,10,Love Naggers,Love Naggers,2018-01-13,脫口秀,KR,ko
2021,22,1,Law School,LAW SCHOOL,2021/4/14,"懸疑, 犯罪, 法庭",KR,ko
2021,22,2,Mad for Each Other,不瘋不狂不愛你,2021-05-24,"浪漫, 喜劇",KR,ko
2021,22,3,Mine,我的上流世界,2021/5/8,家庭,KR,ko
2021,22,4,The Iron Squad,The Iron Squad,2021-03-23,"競賽, 實境",KR,ko
2021,22,5,Vincenzo,黑道律師文森佐,2021/2/20,社會議題,KR,ko
2021,22,6,Move to Heaven,MOVE TO HEAVEN：我是遺物整理師,2021/5/14,家庭,KR,ko
2021,22,7,Racket Boys,羽球少年團,2021/5/31,"青少年, 喜劇",KR,ko
2021,22,8,Hospital Playlist,機智醫生生活,2020/3/12,醫療,KR,ko
2021,22,9,Men on a Mission,認識的哥哥,2015-12-05,"綜藝, 喜劇",KR,ko
2021,22,10,Pretty Guardians Sailor Moon Eternal The Movie,NA,2021-06-03,,JP,ja
2021,23,1,Mad for Each Other,不瘋不狂不愛你,2021-05-24,"浪漫, 喜劇",KR,ko
2021,23,2,Law School,LAW SCHOOL,2021/4/14,"懸疑, 犯罪, 法庭",KR,ko
2021,23,3,Mine,我的上流世界,2021/5/8,家庭,KR,ko
2021,23,4,The Iron Squad,The Iron Squad,2021-03-23,"競賽, 實境",KR,ko
2021,23,5,Racket Boys,羽球少年團,2021/5/31,"青少年, 喜劇",KR,ko
2021,23,6,Hospital Playlist,機智醫生生活,2020/3/12,醫療,KR,ko
2021,23,7,Vincenzo,黑道律師文森佐,2021/2/20,社會議題,KR,ko
2021,23,8,Sweet Tooth,Sweet Tooth：鹿角男孩,2021/6/4,,US,en
2021,23,9,Men on a Mission,認識的哥哥,2015-12-05,"綜藝, 喜劇",KR,ko
2021,23,10,Move to Heaven,MOVE TO HEAVEN：我是遺物整理師,2021/5/14,家庭,KR,ko
2021,24,1,Mad for Each Other,不瘋不狂不愛你,2021-05-24,"浪漫, 喜劇",KR,ko
2021,24,2,Mine,我的上流世界,2021/5/8,家庭,KR,ko
2021,24,3,Hospital Playlist,機智醫生生活,2020/3/12,醫療,KR,ko
2021,24,4,The Iron Squad,The Iron Squad,2021-03-23,"競賽, 實境",KR,ko
2021,24,5,Law School,LAW SCHOOL,2021/4/14,"懸疑, 犯罪, 法庭",KR,ko
2021,24,6,Racket Boys,羽球少年團,2021/5/31,"青少年, 喜劇",KR,ko
2021,24,7,Love Marriage Divorce,婚詞離曲,2021-01-23,家庭,KR,ko
2021,24,8,Lupin,亞森·羅蘋,2021/1/8,,FR,fr
2021,24,9,Men on a Mission,認識的哥哥,2015-12-05,"綜藝, 喜劇",KR,ko
2021,24,10,Move to Heaven,MOVE TO HEAVEN：我是遺物整理師,2021/5/14,家庭,KR,ko
2021,25,1,Hospital Playlist,機智醫生生活,2020/3/12,醫療,KR,ko
2021,25,2,Mad for Each Other,不瘋不狂不愛你,2021-05-24,"浪漫, 喜劇",KR,ko
2021,25,3,Mine,我的上流世界,2021/5/8,家庭,KR,ko
2021,25,4,Nevertheless,無法抗拒的他,2021-06-19,"網路漫改, 浪漫",KR,ko
2021,25,5,So Not Worth It,明天不要來,2021-06-18,"情境, 喜劇",KR,ko
2021,25,6,The Iron Squad,The Iron Squad,2021-03-23,"競賽, 實境",KR,ko
2021,25,7,Racket Boys,羽球少年團,2021/5/31,"青少年, 喜劇",KR,ko
2021,25,8,Move to Heaven,MOVE TO HEAVEN：我是遺物整理師,2021/5/14,家庭,KR,ko
2021,25,9,Love Marriage Divorce,婚詞離曲,2021-01-23,家庭,KR,ko
2021,25,10,Record of Ragnarok,終末的女武神,2021/6/17,,JP,ja
2021,26,1,Mine,我的上流世界,2021/5/8,家庭,KR,ko
2021,26,2,Hospital Playlist,機智醫生生活,2020/3/12,醫療,KR,ko
2021,26,3,Nevertheless,無法抗拒的他,2021-06-19,"網路漫改, 浪漫",KR,ko
2021,26,4,The Iron Squad,The Iron Squad,2021-03-23,"競賽, 實境",KR,ko
2021,26,5,Racket Boys,羽球少年團,2021/5/31,"青少年, 喜劇",KR,ko
2021,26,6,Sex/Life,性／生活,2021-06-25,,US,en
2021,26,7,Love Marriage Divorce,婚詞離曲,2021-01-23,家庭,KR,ko
2021,26,8,Mad for Each Other,不瘋不狂不愛你,2021-05-24,"浪漫, 喜劇",KR,ko
2021,26,9,Change Days,Change Days,2021-06-15,"浪漫, 實境",KR,ko
2021,26,10,So Not Worth It,明天不要來,2021-06-18,"情境, 喜劇",KR,ko
2021,27,1,Hospital Playlist,機智醫生生活,2020/3/12,醫療,KR,ko
2021,27,2,Nevertheless,無法抗拒的他,2021-06-19,"網路漫改, 浪漫",KR,ko
2021,27,3,Racket Boys,羽球少年團,2021/5/31,"青少年, 喜劇",KR,ko
2021,27,4,You Are My Spring,你是我的春天,2021/7/5,浪漫,KR,ko
2021,27,5,Sex/Life,性／生活,2021-06-25,,US,en
2021,27,6,The Iron Squad,The Iron Squad,2021-03-23,"競賽, 實境",KR,ko
2021,27,7,Love Marriage Divorce,婚詞離曲,2021-01-23,家庭,KR,ko
2021,27,8,Change Days,Change Days,2021-06-15,"浪漫, 實境",KR,ko
2021,27,9,Men on a Mission,認識的哥哥,2015-12-05,"綜藝, 喜劇",KR,ko
2021,27,10,Mine,我的上流世界,2021/5/8,家庭,KR,ko
2021,27,11,Resident Evil: Infinite Darkness,惡靈古堡：無盡闇黑,2021/7/8,,US,en
2021,28,1,Hospital Playlist,機智醫生生活,2020/3/12,醫療,KR,ko
2021,28,2,Nevertheless,無法抗拒的他,2021-06-19,"網路漫改, 浪漫",KR,ko
2021,28,3,You Are My Spring,你是我的春天,2021/7/5,浪漫,KR,ko
2021,28,4,Love Marriage Divorce,婚詞離曲,2021-01-23,家庭,KR,ko
2021,28,5,Racket Boys,羽球少年團,2021/5/31,"青少年, 喜劇",KR,ko
2021,28,6,Sex/Life,性／生活,2021-06-25,,US,en
2021,28,7,Men on a Mission,認識的哥哥,2015-12-05,"綜藝, 喜劇",KR,ko
2021,28,8,Change Days,Change Days,2021-06-15,"浪漫, 實境",KR,ko
2021,28,9,Resident Evil: Infinite Darkness,惡靈古堡：無盡闇黑,2021/7/8,,US,en
2021,28,10,Doomed Marriage,Doomed Marriage,2022,脫口秀,KR,ko
2021,29,1,Hospital Playlist,機智醫生生活,2020/3/12,醫療,KR,ko
2021,29,2,Nevertheless,無法抗拒的他,2021-06-19,"網路漫改, 浪漫",KR,ko
2021,29,3,You Are My Spring,你是我的春天,2021/7/5,浪漫,KR,ko
2021,29,4,Love Marriage Divorce,婚詞離曲,2021-01-23,家庭,KR,ko
2021,29,5,Racket Boys,羽球少年團,2021/5/31,"青少年, 喜劇",KR,ko
2021,29,6,Change Days,Change Days,2021-06-15,"浪漫, 實境",KR,ko
2021,29,7,Sex/Life,性／生活,2021-06-25,,US,en
2021,29,8,Men on a Mission,認識的哥哥,2015-12-05,"綜藝, 喜劇",KR,ko
2021,29,9,The Iron Squad,The Iron Squad,2021-03-23,"競賽, 實境",KR,ko
2021,29,10,Kingdom,屍戰朝鮮,2019/1/25,"網路漫改, 政治, 時代經典, 驚悚, 恐怖, 冒險動作",KR,ko
2021,30,1,Hospital Playlist,機智醫生生活,2020/3/12,醫療,KR,ko
2021,30,2,Nevertheless,無法抗拒的他,2021-06-19,"網路漫改, 浪漫",KR,ko
2021,30,3,You Are My Spring,你是我的春天,2021/7/5,浪漫,KR,ko
2021,30,4,Racket Boys,羽球少年團,2021/5/31,"青少年, 喜劇",KR,ko
2021,30,5,Sex/Life,性／生活,2021-06-25,,US,en
2021,30,6,Change Days,Change Days,2021-06-15,"浪漫, 實境",KR,ko
2021,30,7,Kingdom,屍戰朝鮮,2019/1/25,"網路漫改, 政治, 時代經典, 驚悚, 恐怖, 冒險動作",KR,ko
2021,30,8,Love Marriage Divorce,婚詞離曲,2021-01-23,家庭,KR,ko
2021,30,9,Men on a Mission,認識的哥哥,2015-12-05,"綜藝, 喜劇",KR,ko
2021,30,10,Lawless Lawyer,武法律師,2018/5/12,"犯罪, 法庭, 驚悚",KR,ko
2021,31,1,Hospital Playlist,機智醫生生活,2020/3/12,醫療,KR,ko
2021,31,2,You Are My Spring,你是我的春天,2021/7/5,浪漫,KR,ko
2021,31,3,Nevertheless,無法抗拒的他,2021-06-19,"網路漫改, 浪漫",KR,ko
2021,31,4,Search: WWW,WWW：請輸入檢索詞,2019-06-05,浪漫,KR,ko
2021,31,5,Love Marriage Divorce,婚詞離曲,2021-01-23,家庭,KR,ko
2021,31,6,Change Days,Change Days,2021-06-15,"浪漫, 實境",KR,ko
2021,31,7,Sex/Life,性／生活,2021-06-25,,US,en
2021,31,8,Men on a Mission,認識的哥哥,2015-12-05,"綜藝, 喜劇",KR,ko
2021,31,9,Racket Boys,羽球少年團,2021/5/31,"青少年, 喜劇",KR,ko
2021,31,10,Doomed Marriage,Doomed Marriage,2022,脫口秀,KR,ko
2021,32,1,Hospital Playlist,機智醫生生活,2020/3/12,醫療,KR,ko
2021,32,2,Nevertheless,無法抗拒的他,2021-06-19,"網路漫改, 浪漫",KR,ko
2021,32,3,Search: WWW,WWW：請輸入檢索詞,2019-06-05,浪漫,KR,ko
2021,32,4,You Are My Spring,你是我的春天,2021/7/5,浪漫,KR,ko
2021,32,5,Change Days,Change Days,2021-06-15,"浪漫, 實境",KR,ko
2021,32,6,Love Marriage Divorce,婚詞離曲,2021-01-23,家庭,KR,ko
2021,32,7,Racket Boys,羽球少年團,2021/5/31,"青少年, 喜劇",KR,ko
2021,32,8,My Golden Kids,My Golden Kids,2020-05-29,脫口秀,KR,ko
2021,32,9,Monthly Magazine Home,月刊家,2021-06-16,"浪漫, 喜劇",KR,ko
2021,32,10,Men on a Mission,認識的哥哥,2015-12-05,"綜藝, 喜劇",KR,ko
2021,33,1,Hospital Playlist,機智醫生生活,2020/3/12,醫療,KR,ko
2021,33,2,Change Days,Change Days,2021-06-15,"浪漫, 實境",KR,ko
2021,33,3,Nevertheless,無法抗拒的他,2021-06-19,"網路漫改, 浪漫",KR,ko
2021,33,4,You Are My Spring,你是我的春天,2021/7/5,浪漫,KR,ko
2021,33,5,Love After Divorce,Love After Divorce,2021-07-11,實境,KR,ko
2021,33,6,Search: WWW,WWW：請輸入檢索詞,2019-06-05,浪漫,KR,ko
2021,33,7,Men on a Mission,認識的哥哥,2015-12-05,"綜藝, 喜劇",KR,ko
2021,33,8,My Golden Kids,My Golden Kids,2020-05-29,脫口秀,KR,ko
2021,33,9,Doomed Marriage,Doomed Marriage,2022,脫口秀,KR,ko
2021,33,10,Love Naggers,Love Naggers,2018-01-13,脫口秀,KR,ko
2021,34,1,Hospital Playlist,機智醫生生活,2020/3/12,醫療,KR,ko
2021,34,2,Change Days,Change Days,2021-06-15,"浪漫, 實境",KR,ko
2021,34,3,Love After Divorce,Love After Divorce,2021-07-11,實境,KR,ko
2021,34,4,Nevertheless,無法抗拒的他,2021-06-19,"網路漫改, 浪漫",KR,ko
2021,34,5,You Are My Spring,你是我的春天,2021/7/5,浪漫,KR,ko
2021,34,6,Men on a Mission,認識的哥哥,2015-12-05,"綜藝, 喜劇",KR,ko
2021,34,7,Search: WWW,WWW：請輸入檢索詞,2019-06-05,浪漫,KR,ko
2021,34,8,Doomed Marriage,Doomed Marriage,2022,脫口秀,KR,ko
2021,34,9,Love Naggers,Love Naggers,2018-01-13,脫口秀,KR,ko
2021,34,10,D.P.,D.P：逃兵追緝令,2021/8/27,"網路漫改, 社會議題",KR,ko
2021,35,1,D.P.,D.P：逃兵追緝令,2021/8/27,"網路漫改, 社會議題",KR,ko
2021,35,2,Hospital Playlist,機智醫生生活,2020/3/12,醫療,KR,ko
2021,35,3,Hometown Cha-Cha-Cha,海岸村恰恰恰,2021/8/28,"浪漫, 喜劇",KR,ko
2021,35,4,Change Days,Change Days,2021-06-15,"浪漫, 實境",KR,ko
2021,35,5,Love After Divorce,Love After Divorce,2021-07-11,實境,KR,ko
2021,35,6,Hotel Del Luna,德魯納酒店,2019/7/12,"奇幻, 浪漫, 喜劇",KR,ko
2021,35,7,You Are My Spring,你是我的春天,2021/7/5,浪漫,KR,ko
2021,35,8,Men on a Mission,認識的哥哥,2015-12-05,"綜藝, 喜劇",KR,ko
2021,35,9,Money Heist,紙房子,2017-05-02,,ES,es
2021,35,10,Doomed Marriage,Doomed Marriage,2022,脫口秀,KR,ko
2021,36,1,D.P.,D.P：逃兵追緝令,2021/8/27,"網路漫改, 社會議題",KR,ko
2021,36,2,Hometown Cha-Cha-Cha,海岸村恰恰恰,2021/8/28,"浪漫, 喜劇",KR,ko
2021,36,3,Hotel Del Luna,德魯納酒店,2019/7/12,"奇幻, 浪漫, 喜劇",KR,ko
2021,36,4,Hospital Playlist,機智醫生生活,2020/3/12,醫療,KR,ko
2021,36,5,Change Days,Change Days,2021-06-15,"浪漫, 實境",KR,ko
2021,36,6,Money Heist,紙房子,2017-05-02,,ES,es
2021,36,7,Love After Divorce,Love After Divorce,2021-07-11,實境,KR,ko
2021,36,8,Men on a Mission,認識的哥哥,2015-12-05,"綜藝, 喜劇",KR,ko
2021,36,9,Into the Night,絕夜逢生,2020-05-01,,BE,fr
2021,36,10,Doomed Marriage,Doomed Marriage,2022,脫口秀,KR,ko
2021,37,1,Hometown Cha-Cha-Cha,海岸村恰恰恰,2021/8/28,"浪漫, 喜劇",KR,ko
2021,37,2,Hospital Playlist,機智醫生生活,2020/3/12,醫療,KR,ko
2021,37,3,D.P.,D.P：逃兵追緝令,2021/8/27,"網路漫改, 社會議題",KR,ko
2021,37,4,Hotel Del Luna,德魯納酒店,2019/7/12,"奇幻, 浪漫, 喜劇",KR,ko
2021,37,5,Change Days,Change Days,2021-06-15,"浪漫, 實境",KR,ko
2021,37,6,Love After Divorce,Love After Divorce,2021-07-11,實境,KR,ko
2021,37,7,Squid Game,魷魚遊戲,2021/9/17,驚悚,KR,ko
2021,37,8,Men on a Mission,認識的哥哥,2015-12-05,"綜藝, 喜劇",KR,ko
2021,37,9,Love Naggers,Love Naggers,2018-01-13,脫口秀,KR,ko
2021,37,10,Doomed Marriage,Doomed Marriage,2022,脫口秀,KR,ko
2021,38,1,Squid Game,魷魚遊戲,2021/9/17,驚悚,KR,ko
2021,38,2,Hometown Cha-Cha-Cha,海岸村恰恰恰,2021/8/28,"浪漫, 喜劇",KR,ko
2021,38,3,Hospital Playlist,機智醫生生活,2020/3/12,醫療,KR,ko
2021,38,4,D.P.,D.P：逃兵追緝令,2021/8/27,"網路漫改, 社會議題",KR,ko
2021,38,5,Hotel Del Luna,德魯納酒店,2019/7/12,"奇幻, 浪漫, 喜劇",KR,ko
2021,38,6,Sex Education,性愛自修室,2019/1/11,,GB,en
2021,38,7,Men on a Mission,認識的哥哥,2015-12-05,"綜藝, 喜劇",KR,ko
2021,38,8,The Gentlemen's League,The Gentlemen's League,2019-06-13,"競賽, 實境",KR,ko
2021,38,9,Octonauts: Above & Beyond,海底小縱隊：登陸探險,2021-09-07,,GB,en
2021,38,10,Change Days,Change Days,2021-06-15,"浪漫, 實境",KR,ko
2021,39,1,Squid Game,魷魚遊戲,2021/9/17,驚悚,KR,ko
2021,39,2,Hometown Cha-Cha-Cha,海岸村恰恰恰,2021/8/28,"浪漫, 喜劇",KR,ko
2021,39,3,D.P.,D.P：逃兵追緝令,2021/8/27,"網路漫改, 社會議題",KR,ko
2021,39,4,Hospital Playlist,機智醫生生活,2020/3/12,醫療,KR,ko
2021,39,5,Hotel Del Luna,德魯納酒店,2019/7/12,"奇幻, 浪漫, 喜劇",KR,ko
2021,39,6,Men on a Mission,認識的哥哥,2015-12-05,"綜藝, 喜劇",KR,ko
2021,39,7,Sex Education,性愛自修室,2019/1/11,,GB,en
2021,39,8,Doomed Marriage,Doomed Marriage,2022,脫口秀,KR,ko
2021,39,9,The Gentlemen's League,The Gentlemen's League,2019-06-13,"競賽, 實境",KR,ko
2021,39,10,Love Naggers,Love Naggers,2018-01-13,脫口秀,KR,ko
2021,40,1,Hometown Cha-Cha-Cha,海岸村恰恰恰,2021/8/28,"浪漫, 喜劇",KR,ko
2021,40,2,Squid Game,魷魚遊戲,2021/9/17,驚悚,KR,ko
2021,40,3,Paik's Spirit,白種元醉話人生,2021-10-01,"社會議題, 文化, 紀錄片",KR,ko
2021,40,4,D.P.,D.P：逃兵追緝令,2021/8/27,"網路漫改, 社會議題",KR,ko
2021,40,5,Hospital Playlist,機智醫生生活,2020/3/12,醫療,KR,ko
2021,40,6,Baki Hanma,範馬刃牙,2021/9/30,,JP,ja
2021,40,7,Hotel Del Luna,德魯納酒店,2019/7/12,"奇幻, 浪漫, 喜劇",KR,ko
2021,40,8,Doomed Marriage,Doomed Marriage,2022,脫口秀,KR,ko
2021,40,9,The Gentlemen's League,The Gentlemen's League,2019-06-13,"競賽, 實境",KR,ko
2021,40,10,The Way of the Househusband,極道主夫,2021/4/8,,JP,ja
2021,41,1,Hometown Cha-Cha-Cha,海岸村恰恰恰,2021/8/28,"浪漫, 喜劇",KR,ko
2021,41,2,Squid Game,魷魚遊戲,2021/9/17,驚悚,KR,ko
2021,41,3,The Way of the Househusband,極道主夫,2021/4/8,,JP,ja
2021,41,4,Paik's Spirit,白種元醉話人生,2021-10-01,"社會議題, 文化, 紀錄片",KR,ko
2021,41,5,The King's Affection,戀慕,2021/10/11,"浪漫, 漫畫改編, 時代經典",KR,ko
2021,41,6,Hospital Playlist,機智醫生生活,2020/3/12,醫療,KR,ko
2021,41,7,D.P.,D.P：逃兵追緝令,2021/8/27,"網路漫改, 社會議題",KR,ko
2021,41,8,Reflection of You,妳的倒影,2021-10-13,"書籍改編, 懸疑, 驚悚",KR,ko
2021,41,9,Hotel Del Luna,德魯納酒店,2019/7/12,"奇幻, 浪漫, 喜劇",KR,ko
2021,41,10,Doomed Marriage,Doomed Marriage,2022,脫口秀,KR,ko
2021,42,1,My Name,以吾之名,2021/10/15,"犯罪, 驚悚, 冒險動作",KR,ko
2021,42,2,Hometown Cha-Cha-Cha,海岸村恰恰恰,2021/8/28,"浪漫, 喜劇",KR,ko
2021,42,3,Squid Game,魷魚遊戲,2021/9/17,驚悚,KR,ko
2021,42,4,The King's Affection,戀慕,2021/10/11,"浪漫, 漫畫改編, 時代經典",KR,ko
2021,42,5,You,安眠書店,2018/9/9,,US,en
2021,42,6,The Way of the Househusband,極道主夫,2021/4/8,,JP,ja
2021,42,7,Reflection of You,妳的倒影,2021-10-13,"書籍改編, 懸疑, 驚悚",KR,ko
2021,42,8,Doomed Marriage,Doomed Marriage,2022,脫口秀,KR,ko
2021,42,9,The Gentlemen's League,The Gentlemen's League,2019-06-13,"競賽, 實境",KR,ko
2021,42,10,Men on a Mission,認識的哥哥,2015-12-05,"綜藝, 喜劇",KR,ko
2021,43,1,My Name,以吾之名,2021/10/15,"犯罪, 驚悚, 冒險動作",KR,ko
2021,43,2,Squid Game,魷魚遊戲,2021/9/17,驚悚,KR,ko
2021,43,3,The King's Affection,戀慕,2021/10/11,"浪漫, 漫畫改編, 時代經典",KR,ko
2021,43,4,Hometown Cha-Cha-Cha,海岸村恰恰恰,2021/8/28,"浪漫, 喜劇",KR,ko
2021,43,5,The Raincoat Killer: Chasing a Predator in Korea,韓國雨衣殺手：全面追緝柳永哲,2021-10-22,"犯罪, 紀錄片",KR,ko
2021,43,6,Reflection of You,妳的倒影,2021-10-13,"書籍改編, 懸疑, 驚悚",KR,ko
2021,43,7,Lost,LOST檔案,2004-09-22,,US,en
2021,43,8,Men on a Mission,認識的哥哥,2015-12-05,"綜藝, 喜劇",KR,ko
2021,43,9,Love After Divorce,Love After Divorce,2021-07-11,實境,KR,ko
2021,43,10,My Golden Kids,My Golden Kids,2020-05-29,脫口秀,KR,ko
2021,44,1,My Name,以吾之名,2021/10/15,"犯罪, 驚悚, 冒險動作",KR,ko
2021,44,2,The King's Affection,戀慕,2021/10/11,"浪漫, 漫畫改編, 時代經典",KR,ko
2021,44,3,Inspector Koo,神探具景伊,2021/10/30,"犯罪, 驚悚, 喜劇",KR,ko
2021,44,4,Squid Game,魷魚遊戲,2021/9/17,驚悚,KR,ko
2021,44,5,Hometown Cha-Cha-Cha,海岸村恰恰恰,2021/8/28,"浪漫, 喜劇",KR,ko
2021,44,6,Lost,LOST檔案,2004-09-22,,US,en
2021,44,7,Reflection of You,妳的倒影,2021-10-13,"書籍改編, 懸疑, 驚悚",KR,ko
2021,44,8,Love After Divorce,Love After Divorce,2021-07-11,實境,KR,ko
2021,44,9,Men on a Mission,認識的哥哥,2015-12-05,"綜藝, 喜劇",KR,ko
2021,44,10,The Gentlemen's League 2,The Gentlemen's League,2019-06-13,"競賽, 實境",KR,ko
2021,45,1,The King's Affection,戀慕,2021/10/11,"浪漫, 漫畫改編, 時代經典",KR,ko
2021,45,2,Arcane,奧術,2021/11/6,,US,en
2021,45,3,Inspector Koo,神探具景伊,2021/10/30,"犯罪, 驚悚, 喜劇",KR,ko
2021,45,4,My Name,以吾之名,2021/10/15,"犯罪, 驚悚, 冒險動作",KR,ko
2021,45,5,Squid Game,魷魚遊戲,2021/9/17,驚悚,KR,ko
2021,45,6,Reflection of You,妳的倒影,2021-10-13,"書籍改編, 懸疑, 驚悚",KR,ko
2021,45,7,Love After Divorce,Love After Divorce,2021-07-11,實境,KR,ko
2021,45,8,Hometown Cha-Cha-Cha,海岸村恰恰恰,2021/8/28,"浪漫, 喜劇",KR,ko
2021,45,9,Men on a Mission,認識的哥哥,2015-12-05,"綜藝, 喜劇",KR,ko
2021,45,10,The Gentlemen's League 2,The Gentlemen's League,2019-06-13,"競賽, 實境",KR,ko
2021,46,1,The King's Affection,戀慕,2021/10/11,"浪漫, 漫畫改編, 時代經典",KR,ko
2021,46,2,Inspector Koo,神探具景伊,2021/10/30,"犯罪, 驚悚, 喜劇",KR,ko
2021,46,3,Arcane,奧術,2021/11/6,,US,en
2021,46,4,My Name,以吾之名,2021/10/15,"犯罪, 驚悚, 冒險動作",KR,ko
2021,46,5,Reflection of You,妳的倒影,2021-10-13,"書籍改編, 懸疑, 驚悚",KR,ko
2021,46,6,Love After Divorce,Love After Divorce,2021-07-11,實境,KR,ko
2021,46,7,Squid Game,魷魚遊戲,2021/9/17,驚悚,KR,ko
2021,46,8,Hometown Cha-Cha-Cha,海岸村恰恰恰,2021/8/28,"浪漫, 喜劇",KR,ko
2021,46,9,I Am Solo,I Am Solo,2021-07-14,綜藝,KR,ko
2021,46,10,Hellbound,地獄公使,2021/11/19,"懸疑, 犯罪, 網路漫改, 驚悚, 恐怖",KR,ko
2021,47,1,Hellbound,地獄公使,2021/11/19,"懸疑, 犯罪, 網路漫改, 驚悚, 恐怖",KR,ko
2021,47,2,The King's Affection,戀慕,2021/10/11,"浪漫, 漫畫改編, 時代經典",KR,ko
2021,47,3,Arcane,奧術,2021/11/6,,US,en
2021,47,4,Inspector Koo,神探具景伊,2021/10/30,"犯罪, 驚悚, 喜劇",KR,ko
2021,47,5,I Am Solo,I Am Solo,2021-07-14,綜藝,KR,ko
2021,47,6,Love After Divorce,Love After Divorce,2021-07-11,實境,KR,ko
2021,47,7,Reflection of You,妳的倒影,2021-10-13,"書籍改編, 懸疑, 驚悚",KR,ko
2021,47,8,Squid Game,魷魚遊戲,2021/9/17,驚悚,KR,ko
2021,47,9,My Name,以吾之名,2021/10/15,"犯罪, 驚悚, 冒險動作",KR,ko
2021,47,10,Men on a Mission,認識的哥哥,2015-12-05,"綜藝, 喜劇",KR,ko
2021,48,1,Hellbound,地獄公使,2021/11/19,"懸疑, 犯罪, 網路漫改, 驚悚, 恐怖",KR,ko
2021,48,2,The King's Affection,戀慕,2021/10/11,"浪漫, 漫畫改編, 時代經典",KR,ko
2021,48,3,Reflection of You,妳的倒影,2021-10-13,"書籍改編, 懸疑, 驚悚",KR,ko
2021,48,4,Arcane,奧術,2021/11/6,,US,en
2021,48,5,Love After Divorce,Love After Divorce,2021-07-11,實境,KR,ko
2021,48,6,Squid Game,魷魚遊戲,2021/9/17,驚悚,KR,ko
2021,48,7,I Am Solo,I Am Solo,2021-07-14,綜藝,KR,ko
2021,48,8,Men on a Mission,認識的哥哥,2015-12-05,"綜藝, 喜劇",KR,ko
2021,48,9,My Name,以吾之名,2021/10/15,"犯罪, 驚悚, 冒險動作",KR,ko
2021,48,10,Lost in Space,太空迷航,2018-04-13,,US,en
2021,49,1,Hellbound,地獄公使,2021/11/19,"懸疑, 犯罪, 網路漫改, 驚悚, 恐怖",KR,ko
2021,49,2,The King's Affection,戀慕,2021/10/11,"浪漫, 漫畫改編, 時代經典",KR,ko
2021,49,3,Inspector Koo,神探具景伊,2021/10/30,"犯罪, 驚悚, 喜劇",KR,ko
2021,49,4,Our Beloved Summer,那年，我們的夏天,2021/12/6,"浪漫, 喜劇",KR,ko
2021,49,5,I Am Solo,I Am Solo,2021-07-14,綜藝,KR,ko
2021,49,6,Money Heist,紙房子,2017-05-02,,ES,es
2021,49,7,Love After Divorce,Love After Divorce,2021-07-11,實境,KR,ko
2021,49,8,Just Between Lovers,只是相愛的關係,2017-12-11,浪漫,KR,ko
2021,49,9,Reflection of You,妳的倒影,2021-10-13,"書籍改編, 懸疑, 驚悚",KR,ko
2021,49,10,The Gentlemen's League 2,The Gentlemen's League,2019-06-13,"競賽, 實境",KR,ko
2021,50,1,The Hungry and the Hairy,吃貨與阿毛的逍遙遊,2021-12-11,"美食, 旅行, 實境",KR,ko
2021,50,2,Our Beloved Summer,那年，我們的夏天,2021/12/6,"浪漫, 喜劇",KR,ko
2021,50,3,I Am Solo,I Am Solo,2021-07-14,綜藝,KR,ko
2021,50,4,The King's Affection,戀慕,2021/10/11,"浪漫, 漫畫改編, 時代經典",KR,ko
2021,50,5,Inspector Koo,神探具景伊,2021/10/30,"犯罪, 驚悚, 喜劇",KR,ko
2021,50,6,Hellbound,地獄公使,2021/11/19,"懸疑, 犯罪, 網路漫改, 驚悚, 恐怖",KR,ko
2021,50,7,Love After Divorce,Love After Divorce,2021-07-11,實境,KR,ko
2021,50,8,Just Between Lovers,只是相愛的關係,2017-12-11,浪漫,KR,ko
2021,50,9,The Witcher,獵魔士,2019/12/20,,US,en
2021,50,10,The Gentlemen's League 2,The Gentlemen's League,2019-06-13,"競賽, 實境",KR,ko
2021,51,1,Our Beloved Summer,那年，我們的夏天,2021/12/6,"浪漫, 喜劇",KR,ko
2021,51,2,Single’s Inferno,單身即地獄,2021-12-18,"競賽, 實境",KR,ko
2021,51,3,The Hungry and the Hairy,吃貨與阿毛的逍遙遊,2021-12-11,"美食, 旅行, 實境",KR,ko
2021,51,4,The Witcher,獵魔士,2019/12/20,,US,en
2021,51,5,Bulgasal: Immortal Souls,不可殺：永生之靈,2021/12/18,"奇幻, 驚悚",KR,ko
2021,51,6,Emily in Paris,艾蜜莉在巴黎,2020/10/2,,US,en
2021,51,7,I Am Solo,I Am Solo,2021-07-14,綜藝,KR,ko
2021,51,8,Love After Divorce,Love After Divorce,2021-07-11,實境,KR,ko
2021,51,9,The Silent Sea,寧靜海,2021/12/24,"懸疑, 科幻, 驚悚",KR,ko
2021,51,10,The King's Affection,戀慕,2021/10/11,"浪漫, 漫畫改編, 時代經典",KR,ko
2021,52,1,The Silent Sea,寧靜海,2021/12/24,"懸疑, 科幻, 驚悚",KR,ko
2021,52,2,Single’s Inferno,單身即地獄,2021-12-18,"競賽, 實境",KR,ko
2021,52,3,Our Beloved Summer,那年，我們的夏天,2021/12/6,"浪漫, 喜劇",KR,ko
2021,52,4,Bulgasal: Immortal Souls,不可殺：永生之靈,2021/12/18,"奇幻, 驚悚",KR,ko
2021,52,5,Emily in Paris,艾蜜莉在巴黎,2020/10/2,,US,en
2021,52,6,The Hungry and the Hairy,吃貨與阿毛的逍遙遊,2021-12-11,"美食, 旅行, 實境",KR,ko
2021,52,7,The Witcher,獵魔士,2019/12/20,,US,en
2021,52,8,Goblin,孤單又燦爛的神：鬼怪,2016-12-02,"奇幻, 浪漫",KR,ko
2021,52,9,I Am Solo,I Am Solo,2021-07-14,綜藝,KR,ko
2021,52,10,The Gentlemen's League 2,The Gentlemen's League,2019-06-13,"競賽, 實境",KR,ko
2022,1,1,Single’s Inferno,單身即地獄,2021-12-18,"競賽, 實境",KR,ko
2022,1,2,Our Beloved Summer,那年，我們的夏天,2021/12/6,"浪漫, 喜劇",KR,ko
2022,1,3,The Silent Sea,寧靜海,2021/12/24,"懸疑, 科幻, 驚悚",KR,ko
2022,1,4,Bulgasal: Immortal Souls,不可殺：永生之靈,2021/12/18,"奇幻, 驚悚",KR,ko
2022,1,5,Goblin,孤單又燦爛的神：鬼怪,2016-12-02,"奇幻, 浪漫",KR,ko
2022,1,6,The Hungry and the Hairy,吃貨與阿毛的逍遙遊,2021-12-11,"美食, 旅行, 實境",KR,ko
2022,1,7,I Am Solo,I Am Solo,2021-07-14,綜藝,KR,ko
2022,1,8,Love After Divorce,Love After Divorce,2021-07-11,實境,KR,ko
2022,1,9,Emily in Paris,艾蜜莉在巴黎,2020/10/2,,US,en
2022,1,10,Itaewon Class,梨泰院 Class,2020-01-31,"網路漫改, 社會議題",KR,ko
2022,2,1,Our Beloved Summer,那年，我們的夏天,2021/12/6,"浪漫, 喜劇",KR,ko
2022,2,2,Single’s Inferno,單身即地獄,2021-12-18,"競賽, 實境",KR,ko
2022,2,3,Bulgasal: Immortal Souls,不可殺：永生之靈,2021/12/18,"奇幻, 驚悚",KR,ko
2022,2,4,The Silent Sea,寧靜海,2021/12/24,"懸疑, 科幻, 驚悚",KR,ko
2022,2,5,Itaewon Class,梨泰院 Class,2020-01-31,"網路漫改, 社會議題",KR,ko
2022,2,6,I Am Solo,I Am Solo,2021-07-14,綜藝,KR,ko
2022,2,7,Love After Divorce,Love After Divorce,2021-07-11,實境,KR,ko
2022,2,8,Goblin,孤單又燦爛的神：鬼怪,2016-12-02,"奇幻, 浪漫",KR,ko
2022,2,9,Hotel Del Luna,德魯納酒店,2019/7/12,"奇幻, 浪漫, 喜劇",KR,ko
2022,2,10,The Fisherman and the City,The Fisherman and the City,2017-09-07,"競賽, 實境",KR,ko
2022,3,1,Our Beloved Summer,那年，我們的夏天,2021/12/6,"浪漫, 喜劇",KR,ko
2022,3,2,Bulgasal: Immortal Souls,不可殺：永生之靈,2021/12/18,"奇幻, 驚悚",KR,ko
2022,3,3,Single’s Inferno,單身即地獄,2021-12-18,"競賽, 實境",KR,ko
2022,3,4,Itaewon Class,梨泰院 Class,2020-01-31,"網路漫改, 社會議題",KR,ko
2022,3,5,The Silent Sea,寧靜海,2021/12/24,"懸疑, 科幻, 驚悚",KR,ko
2022,3,6,I Am Solo,I Am Solo,2021-07-14,綜藝,KR,ko
2022,3,7,Goblin,孤單又燦爛的神：鬼怪,2016-12-02,"奇幻, 浪漫",KR,ko
2022,3,8,My Mister,我的大叔,2018-03-21,"家庭, 社會議題",KR,ko
2022,3,9,Hotel Del Luna,德魯納酒店,2019/7/12,"奇幻, 浪漫, 喜劇",KR,ko
2022,3,10,The Gentlemen's League 2,The Gentlemen's League,2019-06-13,"競賽, 實境",KR,ko
2022,4,1,Our Beloved Summer,那年，我們的夏天,2021/12/6,"浪漫, 喜劇",KR,ko
2022,4,2,Bulgasal: Immortal Souls,不可殺：永生之靈,2021/12/18,"奇幻, 驚悚",KR,ko
2022,4,3,18 Again,重返18歲,2020-09-21,浪漫,KR,ko
2022,4,4,Mad for Each Other,不瘋不狂不愛你,2021-05-24,"浪漫, 喜劇",KR,ko
2022,4,5,Single’s Inferno,單身即地獄,2021-12-18,"競賽, 實境",KR,ko
2022,4,6,My Mister,我的大叔,2018-03-21,"家庭, 社會議題",KR,ko
2022,4,7,Itaewon Class,梨泰院 Class,2020-01-31,"網路漫改, 社會議題",KR,ko
2022,4,8,All of Us are Dead,殭屍校園,2022-01-28,"網路漫改, 青少年",KR,ko
2022,4,9,I Am Solo,I Am Solo,2021-07-14,綜藝,KR,ko
2022,4,10,The Gentlemen's League 2,The Gentlemen's League,2019-06-13,"競賽, 實境",KR,ko
2022,5,1,All of Us are Dead,殭屍校園,2022-01-28,"網路漫改, 青少年",KR,ko
2022,5,2,Our Beloved Summer,那年，我們的夏天,2021/12/6,"浪漫, 喜劇",KR,ko
2022,5,3,Bulgasal: Immortal Souls,不可殺：永生之靈,2021/12/18,"奇幻, 驚悚",KR,ko
2022,5,4,Itaewon Class,梨泰院 Class,2020-01-31,"網路漫改, 社會議題",KR,ko
2022,5,5,18 Again,重返18歲,2020-09-21,浪漫,KR,ko
2022,5,6,My Mister,我的大叔,2018-03-21,"家庭, 社會議題",KR,ko
2022,5,7,Mr. Sunshine,陽光先生,2018-07-07,"浪漫, 政治",KR,ko
2022,5,8,I Am Solo,I Am Solo,2021-07-14,綜藝,KR,ko
2022,5,9,Prison Playbook,機智牢房生活,2017-11-22,社會議題,KR,ko
2022,5,10,Squid Game,魷魚遊戲,2021/9/17,驚悚,KR,ko
2022,6,1,All of Us are Dead,殭屍校園,2022-01-28,"網路漫改, 青少年",KR,ko
2022,6,2,Our Beloved Summer,那年，我們的夏天,2021/12/6,"浪漫, 喜劇",KR,ko
2022,6,3,Bulgasal: Immortal Souls,不可殺：永生之靈,2021/12/18,"奇幻, 驚悚",KR,ko
2022,6,4,Itaewon Class,梨泰院 Class,2020-01-31,"網路漫改, 社會議題",KR,ko
2022,6,5,Prison Playbook,機智牢房生活,2017-11-22,社會議題,KR,ko
2022,6,6,My Mister,我的大叔,2018-03-21,"家庭, 社會議題",KR,ko
2022,6,7,18 Again,重返18歲,2020-09-21,浪漫,KR,ko
2022,6,8,The One and Only,只一人,2021-12-20,"浪漫, 懸疑",KR,ko
2022,6,9,I Am Solo,I Am Solo,2021-07-14,綜藝,KR,ko
2022,6,10,Mr. Sunshine,陽光先生,2018-07-07,"浪漫, 政治",KR,ko
2022,7,1,All of Us are Dead,殭屍校園,2022-01-28,"網路漫改, 青少年",KR,ko
2022,7,2,Our Beloved Summer,那年，我們的夏天,2021/12/6,"浪漫, 喜劇",KR,ko
2022,7,3,The One and Only,只一人,2021-12-20,"浪漫, 懸疑",KR,ko
2022,7,4,Twenty Five Twenty One,二十五，二十一,2022/2/12,浪漫,KR,ko
2022,7,4,Twenty Five Twenty One,二十五，二十一,2022-02-12,浪漫,KR,ko
2022,7,5,Artificial City,孔雀都市,2021-12-08,"懸疑, 政治",KR,ko
2022,7,6,Crash Landing on You,愛的迫降,2019/12/14,"浪漫, 喜劇",KR,ko
2022,7,7,Thirty-Nine,三十九,2022/2/16,浪漫,KR,ko
2022,7,7,Thirty-Nine,三十九,2022-02-16,浪漫,KR,ko
2022,7,8,Itaewon Class,梨泰院 Class,2020-01-31,"網路漫改, 社會議題",KR,ko
2022,7,9,Forecasting Love and Weather,氣象廳的人們：社內戀愛殘酷史篇,2022/2/12,"浪漫, 喜劇",KR,ko
2022,7,9,Forecasting Love and Weather,氣象廳的人們：社內戀愛殘酷史篇,2022-02-12,"浪漫, 喜劇",KR,ko
2022,7,10,I Am Solo,I Am Solo,2021-07-14,綜藝,KR,ko
2022,8,1,Twenty Five Twenty One,二十五，二十一,2022/2/12,浪漫,KR,ko
2022,8,1,Twenty Five Twenty One,二十五，二十一,2022-02-12,浪漫,KR,ko
2022,8,2,Forecasting Love and Weather,氣象廳的人們：社內戀愛殘酷史篇,2022/2/12,"浪漫, 喜劇",KR,ko
2022,8,2,Forecasting Love and Weather,氣象廳的人們：社內戀愛殘酷史篇,2022-02-12,"浪漫, 喜劇",KR,ko
2022,8,3,Thirty-Nine,三十九,2022/2/16,浪漫,KR,ko
2022,8,3,Thirty-Nine,三十九,2022-02-16,浪漫,KR,ko
2022,8,4,All of Us are Dead,殭屍校園,2022-01-28,"網路漫改, 青少年",KR,ko
2022,8,5,Our Beloved Summer,那年，我們的夏天,2021/12/6,"浪漫, 喜劇",KR,ko
2022,8,6,Artificial City,孔雀都市,2021-12-08,"懸疑, 政治",KR,ko
2022,8,7,Inventing Anna,創造安娜,2022/2/11,,US,en
2022,8,8,Juvenile Justice,少年法庭,2022/2/25,"犯罪, 法庭",KR,ko
2022,8,9,Crash Landing on You,愛的迫降,2019/12/14,"浪漫, 喜劇",KR,ko
2022,8,10,The One and Only,只一人,2021-12-20,"浪漫, 懸疑",KR,ko
2022,9,1,Juvenile Justice,少年法庭,2022/2/25,"犯罪, 法庭",KR,ko
2022,9,2,Twenty Five Twenty One,二十五，二十一,2022/2/12,浪漫,KR,ko
2022,9,2,Twenty Five Twenty One,二十五，二十一,2022-02-12,浪漫,KR,ko
2022,9,3,Forecasting Love and Weather,氣象廳的人們：社內戀愛殘酷史篇,2022/2/12,"浪漫, 喜劇",KR,ko
2022,9,3,Forecasting Love and Weather,氣象廳的人們：社內戀愛殘酷史篇,2022-02-12,"浪漫, 喜劇",KR,ko
2022,9,4,Thirty-Nine,三十九,2022/2/16,浪漫,KR,ko
2022,9,4,Thirty-Nine,三十九,2022-02-16,浪漫,KR,ko
2022,9,5,Our Beloved Summer,那年，我們的夏天,2021/12/6,"浪漫, 喜劇",KR,ko
2022,9,6,All of Us are Dead,殭屍校園,2022-01-28,"網路漫改, 青少年",KR,ko
2022,9,7,Business Proposal,社內相親,2022/2/28,"網路漫改, 浪漫, 喜劇",KR,ko
2022,9,7,Business Proposal,社內相親,2022-02-28,"網路漫改, 浪漫, 喜劇",KR,ko
2022,9,8,Love Marriage Divorce,婚詞離曲,2021-01-23,家庭,KR,ko
2022,9,9,Vikings: Valhalla,維京傳奇：英靈神殿,2022-02-25,,US,en
2022,9,10,I Am Solo,I Am Solo,2021-07-14,綜藝,KR,ko
2022,10,1,Juvenile Justice,少年法庭,2022/2/25,"犯罪, 法庭",KR,ko
2022,10,2,Twenty Five Twenty One,二十五，二十一,2022/2/12,浪漫,KR,ko
2022,10,2,Twenty Five Twenty One,二十五，二十一,2022-02-12,浪漫,KR,ko
2022,10,3,Forecasting Love and Weather,氣象廳的人們：社內戀愛殘酷史篇,2022/2/12,"浪漫, 喜劇",KR,ko
2022,10,3,Forecasting Love and Weather,氣象廳的人們：社內戀愛殘酷史篇,2022-02-12,"浪漫, 喜劇",KR,ko
2022,10,4,Business Proposal,社內相親,2022/2/28,"網路漫改, 浪漫, 喜劇",KR,ko
2022,10,4,Business Proposal,社內相親,2022-02-28,"網路漫改, 浪漫, 喜劇",KR,ko
2022,10,5,Thirty-Nine,三十九,2022/2/16,浪漫,KR,ko
2022,10,5,Thirty-Nine,三十九,2022-02-16,浪漫,KR,ko
2022,10,6,Our Beloved Summer,那年，我們的夏天,2021/12/6,"浪漫, 喜劇",KR,ko
2022,10,7,Love Marriage Divorce,婚詞離曲,2021-01-23,家庭,KR,ko
2022,10,8,I Am Solo,I Am Solo,2021-07-14,綜藝,KR,ko
2022,10,9,All of Us are Dead,殭屍校園,2022-01-28,"網路漫改, 青少年",KR,ko
2022,10,10,The Iron Squad,The Iron Squad,2021-03-23,"競賽, 實境",KR,ko
2022,11,1,Twenty Five Twenty One,二十五，二十一,2022/2/12,浪漫,KR,ko
2022,11,1,Twenty Five Twenty One,二十五，二十一,2022-02-12,浪漫,KR,ko
2022,11,2,Juvenile Justice,少年法庭,2022/2/25,"犯罪, 法庭",KR,ko
2022,11,3,Business Proposal,社內相親,2022/2/28,"網路漫改, 浪漫, 喜劇",KR,ko
2022,11,3,Business Proposal,社內相親,2022-02-28,"網路漫改, 浪漫, 喜劇",KR,ko
2022,11,4,Forecasting Love and Weather,氣象廳的人們：社內戀愛殘酷史篇,2022/2/12,"浪漫, 喜劇",KR,ko
2022,11,4,Forecasting Love and Weather,氣象廳的人們：社內戀愛殘酷史篇,2022-02-12,"浪漫, 喜劇",KR,ko
2022,11,5,Thirty-Nine,三十九,2022/2/16,浪漫,KR,ko
2022,11,5,Thirty-Nine,三十九,2022-02-16,浪漫,KR,ko
2022,11,6,Love Marriage Divorce,婚詞離曲,2021-01-23,家庭,KR,ko
2022,11,7,Our Beloved Summer,那年，我們的夏天,2021/12/6,"浪漫, 喜劇",KR,ko
2022,11,8,Crash Landing on You,愛的迫降,2019/12/14,"浪漫, 喜劇",KR,ko
2022,11,9,The Iron Squad,The Iron Squad,2021-03-23,"競賽, 實境",KR,ko
2022,11,10,I Am Solo,I Am Solo,2021-07-14,綜藝,KR,ko
2022,12,1,Twenty Five Twenty One,二十五，二十一,2022/2/12,浪漫,KR,ko
2022,12,1,Twenty Five Twenty One,二十五，二十一,2022-02-12,浪漫,KR,ko
2022,12,2,Business Proposal,社內相親,2022/2/28,"網路漫改, 浪漫, 喜劇",KR,ko
2022,12,2,Business Proposal,社內相親,2022-02-28,"網路漫改, 浪漫, 喜劇",KR,ko
2022,12,3,Forecasting Love and Weather,氣象廳的人們：社內戀愛殘酷史篇,2022/2/12,"浪漫, 喜劇",KR,ko
2022,12,3,Forecasting Love and Weather,氣象廳的人們：社內戀愛殘酷史篇,2022-02-12,"浪漫, 喜劇",KR,ko
2022,12,4,Juvenile Justice,少年法庭,2022/2/25,"犯罪, 法庭",KR,ko
2022,12,5,Thirty-Nine,三十九,2022/2/16,浪漫,KR,ko
2022,12,5,Thirty-Nine,三十九,2022-02-16,浪漫,KR,ko
2022,12,6,Love Marriage Divorce,婚詞離曲,2021-01-23,家庭,KR,ko
2022,12,7,Mr. Sunshine,陽光先生,2018-07-07,"浪漫, 政治",KR,ko
2022,12,8,The Iron Squad,The Iron Squad,2021-03-23,"競賽, 實境",KR,ko
2022,12,9,Our Beloved Summer,那年，我們的夏天,2021/12/6,"浪漫, 喜劇",KR,ko
2022,12,10,I Am Solo,I Am Solo,2021-07-14,綜藝,KR,ko
2022,13,1,Twenty Five Twenty One,二十五，二十一,2022/2/12,浪漫,KR,ko
2022,13,1,Twenty Five Twenty One,二十五，二十一,2022-02-12,浪漫,KR,ko
2022,13,2,Business Proposal,社內相親,2022/2/28,"網路漫改, 浪漫, 喜劇",KR,ko
2022,13,2,Business Proposal,社內相親,2022-02-28,"網路漫改, 浪漫, 喜劇",KR,ko
2022,13,3,Bridgerton,柏捷頓家族：名門韻事,2020/12/25,,US,en
2022,13,4,Forecasting Love and Weather,氣象廳的人們：社內戀愛殘酷史篇,2022/2/12,"浪漫, 喜劇",KR,ko
2022,13,4,Forecasting Love and Weather,氣象廳的人們：社內戀愛殘酷史篇,2022-02-12,"浪漫, 喜劇",KR,ko
2022,13,5,Thirty-Nine,三十九,2022/2/16,浪漫,KR,ko
2022,13,5,Thirty-Nine,三十九,2022-02-16,浪漫,KR,ko
2022,13,6,Juvenile Justice,少年法庭,2022/2/25,"犯罪, 法庭",KR,ko
2022,13,7,Love Marriage Divorce,婚詞離曲,2021-01-23,家庭,KR,ko
2022,13,8,Mr. Sunshine,陽光先生,2018-07-07,"浪漫, 政治",KR,ko
2022,13,9,The Iron Squad,The Iron Squad,2021-03-23,"競賽, 實境",KR,ko
2022,13,10,I Am Solo,I Am Solo,2021-07-14,綜藝,KR,ko
2022,14,1,Twenty Five Twenty One,二十五，二十一,2022/2/12,浪漫,KR,ko
2022,14,1,Twenty Five Twenty One,二十五，二十一,2022-02-12,浪漫,KR,ko
2022,14,2,Business Proposal,社內相親,2022/2/28,"網路漫改, 浪漫, 喜劇",KR,ko
2022,14,2,Business Proposal,社內相親,2022-02-28,"網路漫改, 浪漫, 喜劇",KR,ko
2022,14,3,Forecasting Love and Weather,氣象廳的人們：社內戀愛殘酷史篇,2022/2/12,"浪漫, 喜劇",KR,ko
2022,14,3,Forecasting Love and Weather,氣象廳的人們：社內戀愛殘酷史篇,2022-02-12,"浪漫, 喜劇",KR,ko
2022,14,4,Thirty-Nine,三十九,2022/2/16,浪漫,KR,ko
2022,14,4,Thirty-Nine,三十九,2022-02-16,浪漫,KR,ko
2022,14,5,Tomorrow,還有明天,2022/4/1,"網路漫改, 奇幻",KR,ko
2022,14,5,Tomorrow,還有明天,2022-04-01,"網路漫改, 奇幻",KR,ko
2022,14,6,Black Dog,Black Dog,2019/12/16,家庭,KR,ko
2022,14,6,Black Dog,Black Dog,2019-12-16,家庭,KR,ko
2022,14,7,Bridgerton,柏捷頓家族：名門韻事,2020/12/25,,US,en
2022,14,8,I Am Solo,I Am Solo,2021-07-14,綜藝,KR,ko
2022,14,9,The Iron Squad,The Iron Squad,2021-03-23,"競賽, 實境",KR,ko
2022,14,10,Juvenile Justice,少年法庭,2022/2/25,"犯罪, 法庭",KR,ko
2022,15,1,Business Proposal,社內相親,2022/2/28,"網路漫改, 浪漫, 喜劇",KR,ko
2022,15,1,Business Proposal,社內相親,2022-02-28,"網路漫改, 浪漫, 喜劇",KR,ko
2022,15,2,Twenty Five Twenty One,二十五，二十一,2022/2/12,浪漫,KR,ko
2022,15,2,Twenty Five Twenty One,二十五，二十一,2022-02-12,浪漫,KR,ko
2022,15,3,Our Blues,我們的藍調時光,2022/4/9,家庭,KR,ko
2022,15,3,Our Blues,我們的藍調時光,2022-04-09,家庭,KR,ko
2022,15,4,Black Dog,Black Dog,2019/12/16,家庭,KR,ko
2022,15,4,Black Dog,Black Dog,2019-12-16,家庭,KR,ko
2022,15,5,Tomorrow,還有明天,2022/4/1,"網路漫改, 奇幻",KR,ko
2022,15,5,Tomorrow,還有明天,2022-04-01,"網路漫改, 奇幻",KR,ko
2022,15,6,Forecasting Love and Weather,氣象廳的人們：社內戀愛殘酷史篇,2022/2/12,"浪漫, 喜劇",KR,ko
2022,15,6,Forecasting Love and Weather,氣象廳的人們：社內戀愛殘酷史篇,2022-02-12,"浪漫, 喜劇",KR,ko
2022,15,7,My Liberation Notes,我的出走日記,2022-04-09,家庭,KR,ko
2022,15,8,Teenage Parents,Teenage Parents,2022-03-06,實境,KR,ko
2022,15,9,Thirty-Nine,三十九,2022/2/16,浪漫,KR,ko
2022,15,9,Thirty-Nine,三十九,2022-02-16,浪漫,KR,ko
2022,15,10,I Am Solo,I Am Solo,2021-07-14,綜藝,KR,ko
2022,16,1,Our Blues,我們的藍調時光,2022/4/9,家庭,KR,ko
2022,16,1,Our Blues,我們的藍調時光,2022-04-09,家庭,KR,ko
2022,16,2,Twenty Five Twenty One,二十五，二十一,2022/2/12,浪漫,KR,ko
2022,16,2,Twenty Five Twenty One,二十五，二十一,2022-02-12,浪漫,KR,ko
2022,16,3,Business Proposal,社內相親,2022/2/28,"網路漫改, 浪漫, 喜劇",KR,ko
2022,16,3,Business Proposal,社內相親,2022-02-28,"網路漫改, 浪漫, 喜劇",KR,ko
2022,16,4,Tomorrow,還有明天,2022/4/1,"網路漫改, 奇幻",KR,ko
2022,16,4,Tomorrow,還有明天,2022-04-01,"網路漫改, 奇幻",KR,ko
2022,16,5,My Liberation Notes,我的出走日記,2022-04-09,家庭,KR,ko
2022,16,6,Green Mothers' Club,綠色媽咪會,2022-04-06,家庭,KR,ko
2022,16,7,Black Dog,Black Dog,2019/12/16,家庭,KR,ko
2022,16,7,Black Dog,Black Dog,2019-12-16,家庭,KR,ko
2022,16,8,Love Marriage Divorce,婚詞離曲,2021-01-23,家庭,KR,ko
2022,16,9,I Am Solo,I Am Solo,2021-07-14,綜藝,KR,ko
2022,16,10,The Iron Squad,The Iron Squad,2021-03-23,"競賽, 實境",KR,ko
2022,17,1,Our Blues,我們的藍調時光,2022/4/9,家庭,KR,ko
2022,17,1,Our Blues,我們的藍調時光,2022-04-09,家庭,KR,ko
2022,17,2,My Liberation Notes,我的出走日記,2022-04-09,家庭,KR,ko
2022,17,3,Green Mothers' Club,綠色媽咪會,2022-04-06,家庭,KR,ko
2022,17,4,Tomorrow,還有明天,2022/4/1,"網路漫改, 奇幻",KR,ko
2022,17,4,Tomorrow,還有明天,2022-04-01,"網路漫改, 奇幻",KR,ko
2022,17,5,Twenty Five Twenty One,二十五，二十一,2022/2/12,浪漫,KR,ko
2022,17,5,Twenty Five Twenty One,二十五，二十一,2022-02-12,浪漫,KR,ko
2022,17,6,Love Marriage Divorce,婚詞離曲,2021-01-23,家庭,KR,ko
2022,17,7,Business Proposal,社內相親,2022/2/28,"網路漫改, 浪漫, 喜劇",KR,ko
2022,17,7,Business Proposal,社內相親,2022-02-28,"網路漫改, 浪漫, 喜劇",KR,ko
2022,17,8,Love Again,Love Again,2022,實境,KR,ko
2022,17,9,The Iron Squad,The Iron Squad,2021-03-23,"競賽, 實境",KR,ko
2022,17,10,I Am Solo,I Am Solo,2021-07-14,綜藝,KR,ko
2022,18,1,Our Blues,我們的藍調時光,2022/4/9,家庭,KR,ko
2022,18,1,Our Blues,我們的藍調時光,2022-04-09,家庭,KR,ko
2022,18,2,My Liberation Notes,我的出走日記,2022-04-09,家庭,KR,ko
2022,18,3,Green Mothers' Club,綠色媽咪會,2022-04-06,家庭,KR,ko
2022,18,4,Tomorrow,還有明天,2022/4/1,"網路漫改, 奇幻",KR,ko
2022,18,4,Tomorrow,還有明天,2022-04-01,"網路漫改, 奇幻",KR,ko
2022,18,5,Love Marriage Divorce,婚詞離曲,2021-01-23,家庭,KR,ko
2022,18,6,Twenty Five Twenty One,二十五，二十一,2022/2/12,浪漫,KR,ko
2022,18,6,Twenty Five Twenty One,二十五，二十一,2022-02-12,浪漫,KR,ko
2022,18,7,Love Again,Love Again,2022,實境,KR,ko
2022,18,8,Business Proposal,社內相親,2022/2/28,"網路漫改, 浪漫, 喜劇",KR,ko
2022,18,8,Business Proposal,社內相親,2022-02-28,"網路漫改, 浪漫, 喜劇",KR,ko
2022,18,9,I Am Solo,I Am Solo,2021-07-14,綜藝,KR,ko
2022,18,10,The Iron Squad,The Iron Squad,2021-03-23,"競賽, 實境",KR,ko
2022,19,1,Our Blues,我們的藍調時光,2022/4/9,家庭,KR,ko
2022,19,1,Our Blues,我們的藍調時光,2022-04-09,家庭,KR,ko
2022,19,2,My Liberation Notes,我的出走日記,2022-04-09,家庭,KR,ko
2022,19,3,The Sound of Magic,魔幻之音,2022-05-06,"網路漫改, 社會議題",KR,ko
2022,19,4,Green Mothers' Club,綠色媽咪會,2022-04-06,家庭,KR,ko
2022,19,5,Tomorrow,還有明天,2022/4/1,"網路漫改, 奇幻",KR,ko
2022,19,5,Tomorrow,還有明天,2022-04-01,"網路漫改, 奇幻",KR,ko
2022,19,6,Twenty Five Twenty One,二十五，二十一,2022/2/12,浪漫,KR,ko
2022,19,6,Twenty Five Twenty One,二十五，二十一,2022-02-12,浪漫,KR,ko
2022,19,7,Love Again,Love Again,2022,實境,KR,ko
2022,19,8,Business Proposal,社內相親,2022/2/28,"網路漫改, 浪漫, 喜劇",KR,ko
2022,19,8,Business Proposal,社內相親,2022-02-28,"網路漫改, 浪漫, 喜劇",KR,ko
2022,19,9,The Iron Squad,The Iron Squad,2021-03-23,"競賽, 實境",KR,ko
2022,19,10,I Am Solo,I Am Solo,2021-07-14,綜藝,KR,ko
2022,20,1,Our Blues,我們的藍調時光,2022/4/9,家庭,KR,ko
2022,20,1,Our Blues,我們的藍調時光,2022-04-09,家庭,KR,ko
2022,20,2,My Liberation Notes,我的出走日記,2022-04-09,家庭,KR,ko
2022,20,3,Green Mothers' Club,綠色媽咪會,2022-04-06,家庭,KR,ko
2022,20,4,Tomorrow,還有明天,2022/4/1,"網路漫改, 奇幻",KR,ko
2022,20,4,Tomorrow,還有明天,2022-04-01,"網路漫改, 奇幻",KR,ko
2022,20,5,The Sound of Magic,魔幻之音,2022-05-06,"網路漫改, 社會議題",KR,ko
2022,20,6,Love Again,Love Again,2022,實境,KR,ko
2022,20,7,Goo Pil-soo Is Not There,具必秀不在,2022-05-04,喜劇,KR,ko
2022,20,8,Twenty Five Twenty One,二十五，二十一,2022/2/12,浪漫,KR,ko
2022,20,8,Twenty Five Twenty One,二十五，二十一,2022-02-12,浪漫,KR,ko
2022,20,9,The Iron Squad,The Iron Squad,2021-03-23,"競賽, 實境",KR,ko
2022,20,10,I Am Solo,I Am Solo,2021-07-14,綜藝,KR,ko
2022,21,1,My Liberation Notes,我的出走日記,2022-04-09,家庭,KR,ko
2022,21,2,Our Blues,我們的藍調時光,2022/4/9,家庭,KR,ko
2022,21,2,Our Blues,我們的藍調時光,2022-04-09,家庭,KR,ko
2022,21,3,Green Mothers' Club,綠色媽咪會,2022-04-06,家庭,KR,ko
2022,21,4,Tomorrow,還有明天,2022/4/1,"網路漫改, 奇幻",KR,ko
2022,21,4,Tomorrow,還有明天,2022-04-01,"網路漫改, 奇幻",KR,ko
2022,21,5,Goo Pil-soo Is Not There,具必秀不在,2022-05-04,喜劇,KR,ko
2022,21,6,Love Again,Love Again,2022,實境,KR,ko
2022,21,7,I Am Solo,I Am Solo,2021-07-14,綜藝,KR,ko
2022,21,8,"Love, Death & Robots",愛 x 死 x 機器人,2019/3/15,,US,en
2022,21,9,Stranger Things,怪奇物語,2016-07-15,,US,en
2022,21,10,The Iron Squad,The Iron Squad,2021-03-23,"競賽, 實境",KR,ko